일련번호,시장/마트 번호,시장/마트 이름,품목 번호,품목 이름,실판매규격,가격(원),년도-월,비고,점검일자,시장유형 구분(시장/마트) 코드,시장유형 구분(시장/마트) 이름,자치구 코드,자치구 이름
880925,145,마천중앙시장,25,무,1개(1kg),2500,16-Mar, ,2016-03-10,1,전통시장,710000,송파구
880941,146,방이시장,25,무,1개(1kg),2500,16-Mar, ,2016-03-10,1,전통시장,710000,송파구
882203,108,남구로시장,22,오이,1개,500,16-Mar,국내산5개2500,2016-03-14,1,전통시장,530000,구로구
882480,135,롯데백화점 관악점,17,달걀,10개,3280,16-Mar,오성신선란10구,2016-03-14,2,대형마트,620000,관악구
882745,2,신세계백화점,23,상추,1봉지(100g),1320,16-Mar,국내산프레쉬스타 (적상추150g1980원,2016-03-17,2,대형마트,140000,중구
882777,56,롯데백화점,23,상추,1봉지(100g),1800,16-Mar,친환경푸룸적상추,2016-03-17,2,대형마트,140000,중구
882799,8,롯데마트 서울역점,17,달걀,10개,2800,16-Mar,국내 ,2016-03-17,2,대형마트,140000,중구
882815,199,서울중앙시장,17,달걀,10개,2400,16-Mar,국내,2016-03-17,1,전통시장,140000,중구
882819,199,서울중앙시장,13,고등어,1마리,2800,16-Mar,국내,2016-03-17,1,전통시장,140000,중구
882831,60,이마트 청계점,17,달걀,10개,2480,16-Mar,국내 ,2016-03-17,2,대형마트,140000,중구
882847,11,남대문시장,17,달걀,10개,2400,16-Mar,국내 ,2016-03-17,1,전통시장,140000,중구
882857,63,농협 하나로마트 용산점,23,상추,100g),880,16-Mar,,2016-03-17,2,대형마트,170000,용산구
882873,10,용문시장,23,상추,100g),1300,16-Mar,,2016-03-17,1,전통시장,170000,용산구
882889,6,이마트 용산점,23,상추,100g,1250,16-Mar,180g한봉1250,2016-03-17,2,대형마트,170000,용산구
882905,62,후암시장,23,상추,100g),500,16-Mar,,2016-03-17,1,전통시장,170000,용산구
882919,75,이마트 성수점,25,무,2kg,1880,16-Mar,제주,2016-03-16,2,대형마트,200000,성동구
882921,75,이마트 성수점,22,오이,1개,800,16-Mar,백오이3개2400원,2016-03-16,2,대형마트,200000,성동구
882926,75,이마트 성수점,18,닭고기,1마리,5800,16-Mar,하림닭1000g,2016-03-16,2,대형마트,200000,성동구
882935,73,뚝도시장,25,무,1kg,1000,16-Mar,,2016-03-16,1,전통시장,200000,성동구
882938,73,뚝도시장,22,오이,1개,666,16-Mar,3개2000원,2016-03-16,1,전통시장,200000,성동구
882942,73,뚝도시장,18,닭고기,1마리,4500,16-Mar,1kg,2016-03-16,1,전통시장,200000,성동구
882950,72,금남시장,25,무,1개(2kg),2000,16-Mar,1.5kg 국내산,2016-03-17,1,전통시장,200000,성동구
882957,72,금남시장,18,닭고기,1마리,5500,16-Mar,1kg국내산,2016-03-17,1,전통시장,200000,성동구
882958,72,금남시장,17,달걀,10개,1833,16-Mar,30개 5500원,2016-03-17,1,전통시장,200000,성동구
882965,74,이마트 왕십리점,25,무,1개,1880,16-Mar,1.5국내산 ,2016-03-17,2,대형마트,200000,성동구
882967,74,이마트 왕십리점,23,상추,100g,1580,16-Mar,1봉 예냉적상추 이천,2016-03-17,2,대형마트,200000,성동구
882972,74,이마트 왕십리점,18,닭고기,1마리(1.kg이상),5800,16-Mar,국내산 백숙용하림,2016-03-17,2,대형마트,200000,성동구
882982,80,이마트 자양점,24,양파,1망,2780,16-Mar,무안,2016-03-16,2,대형마트,215000,광진구
883016,78,자양골목시장,22,오이,1개,900,16-Mar,백오이,2016-03-16,1,전통시장,215000,광진구
883047,86,홈플러스 동대문점,23,상추,1봉지,1490,16-Mar,국내산 ,2016-03-17,2,대형마트,230000,동대문구
883053,86,홈플러스 동대문점,17,달걀,10개,4130,16-Mar,풀무원  대 ,2016-03-17,2,대형마트,230000,동대문구
883062,85,경동시장,24,양파,1망(1.7kg),4300,16-Mar,무안,2016-03-17,1,전통시장,230000,동대문구
883069,85,경동시장,17,달걀,10개,1500,16-Mar,국내산 ,2016-03-17,1,전통시장,230000,동대문구
883076,84,청량리종합시장,25,무,1개,1500,16-Mar,국내산,2016-03-17,1,전통시장,230000,동대문구
883077,84,청량리종합시장,24,양파,1kg,4200,16-Mar,국내산,2016-03-17,1,전통시장,230000,동대문구
883078,84,청량리종합시장,23,상추,100g,625,16-Mar,1근2500원,2016-03-17,1,전통시장,230000,동대문구
883084,84,청량리종합시장,17,달걀,10개,1500,16-Mar,국내산,2016-03-17,1,전통시장,230000,동대문구
883093,88,롯데백화점 청량리점,24,양파,한망(5개입),5500,16-Mar,국내산 ,2016-03-17,2,대형마트,230000,동대문구
883094,88,롯데백화점 청량리점,23,상추,1봉지,3000,16-Mar,국산 적상추,2016-03-17,2,대형마트,230000,동대문구
883100,88,롯데백화점 청량리점,17,달걀,10개,3470,16-Mar,목초란 대 ,2016-03-17,2,대형마트,230000,동대문구
883174,16,현대백화점 미아점,23,상추,100g,900,16-Mar,국내 .찹찹이,2016-03-17,2,대형마트,290000,성북구
883180,16,현대백화점 미아점,17,달걀,10개,4500,16-Mar,"국내,풀무원,목초란",2016-03-17,2,대형마트,290000,성북구
883191,13,돈암제일시장,22,오이,1개,600,16-Mar,,2016-03-17,1,전통시장,290000,성북구
883206,14,장위골목시장,23,상추,100g,500,16-Mar,,2016-03-17,1,전통시장,290000,성북구
883222,15,이마트 미아점,23,상추,100g,790,16-Mar,예냉적상추.봉지 ,2016-03-17,2,대형마트,290000,성북구
883223,15,이마트 미아점,22,오이,1개,780,16-Mar,.,2016-03-17,2,대형마트,290000,성북구
883227,15,이마트 미아점,18,닭고기,1마리 (1000kg),5800,16-Mar,마니커백숙용,2016-03-17,2,대형마트,290000,성북구
883259,68,롯데백화점 미아점,18,닭고기,1마리,9000,16-Mar,하림,2016-03-17,2,대형마트,305000,강북구
883268,221,숭인시장,25,무,1개(1.4kg),1500,16-Mar,제주,2016-03-17,1,전통시장,305000,강북구
883269,221,숭인시장,24,양파,1망(1.5kg),3000,16-Mar,무안,2016-03-17,1,전통시장,305000,강북구
883270,221,숭인시장,23,상추,100g,500,16-Mar,1근 2000원,2016-03-17,1,전통시장,305000,강북구
883271,221,숭인시장,22,오이,1개,666,16-Mar,3개 2000원,2016-03-17,1,전통시장,305000,강북구
883279,221,숭인시장,18,닭고기,1마리 ,6000,16-Mar,마니커,2016-03-17,1,전통시장,305000,강북구
883284,66,수유재래시장,25,무,1개(1.3kg),1500,16-Mar,제주,2016-03-17,1,전통시장,305000,강북구
883285,66,수유재래시장,24,양파,1망,3500,16-Mar,무안,2016-03-17,1,전통시장,305000,강북구
883296,66,수유재래시장,18,닭고기,1kg,6000,16-Mar,,2016-03-17,1,전통시장,305000,강북구
883301,26,신창시장,24,양파,1망(1.5kg),3700,16-Mar,무안,2016-03-17,1,전통시장,320000,도봉구
883316,28,홈플러스 방학점,25,무,1개(2.1kg),1490,16-Mar,제주도,2016-03-17,2,대형마트,320000,도봉구
883317,28,홈플러스 방학점,24,양파,1망(1.5kg),4490,16-Mar,무안,2016-03-17,2,대형마트,320000,도봉구
883332,27,이마트 창동점,25,무,1개(2.6kg),1880,16-Mar,제주도,2016-03-17,2,대형마트,320000,도봉구
883333,27,이마트 창동점,24,양파,1망(1.5kg),4065,16-Mar,무안,2016-03-17,2,대형마트,320000,도봉구
883366,96,공릉동 도깨비시장,23,상추, (100g),500,16-Mar,,2016-03-17,1,전통시장,350000,노원구
883382,100,홈플러스 중계점,23,상추, (138g),990,16-Mar,,2016-03-17,2,대형마트,350000,노원구
883398,210,상계중앙시장,23,상추, (100g),500,16-Mar,,2016-03-17,1,전통시장,350000,노원구
883400,210,상계중앙시장,17,달걀,10개,2000,16-Mar,일반,2016-03-17,1,전통시장,350000,노원구
883414,98,롯데백화점 노원점,23,상추,(100g),2580,16-Mar,,2016-03-17,2,대형마트,350000,노원구
883430,53,이마트 은평점,23,상추,(100g),790,16-Mar,예냉적상추,2016-03-17,2,대형마트,380000,은평구
883435,53,이마트 은평점,18,닭고기,1마리(1050g),8800,16-Mar,올품,2016-03-17,2,대형마트,380000,은평구
883445,49,대림시장,24,양파,1망(1.5kg),2500,16-Mar,국산,2016-03-17,1,전통시장,380000,은평구
883461,219,대조시장,24,양파,1망(1.5kg),2500,16-Mar,국산,2016-03-17,1,전통시장,380000,은평구
883476,51,2001아울렛 불광점,25,무,1개,1990,16-Mar,제주세척,2016-03-17,2,대형마트,380000,은평구
883478,51,2001아울렛 불광점,23,상추,100g,1790,16-Mar,여주,2016-03-17,2,대형마트,380000,은평구
883483,51,2001아울렛 불광점,18,닭고기,1마리(1000g),6590,16-Mar,초원전설,2016-03-17,2,대형마트,380000,은평구
883492,32,영천시장,25,무,1개(1.5kg),2000,16-Mar,제주,2016-03-17,1,전통시장,410000,서대문구
883493,32,영천시장,24,양파,1망(1.3kg),3500,16-Mar,무안. ,2016-03-17,1,전통시장,410000,서대문구
883494,32,영천시장,23,상추,1봉지(100g),600,16-Mar,이천,2016-03-17,1,전통시장,410000,서대문구
883499,32,영천시장,18,닭고기,1마리(1.13kg),6500,16-Mar,하림 신성토종닭(12호),2016-03-17,1,전통시장,410000,서대문구
883508,220,롯데슈퍼,25,무,1개(1.3kg),1990,16-Mar,제주  ,2016-03-17,2,대형마트,410000,서대문구
883509,220,롯데슈퍼,24,양파,1망(1.6kg),5490,16-Mar,무한. ,2016-03-17,2,대형마트,410000,서대문구
883515,220,롯데슈퍼,18,닭고기,1마리 (1.1kg),8500,16-Mar,하림.참진 토종닭,2016-03-17,2,대형마트,410000,서대문구
883516,220,롯데슈퍼,17,달걀,10개(60g),4500,16-Mar,풀무원 목초란,2016-03-17,2,대형마트,410000,서대문구
883524,33,현대백화점 신촌점,25,무,1개(1.2kg),2700,16-Mar,제주. 친환경 ,2016-03-17,2,대형마트,410000,서대문구
883525,33,현대백화점 신촌점,24,양파,1망(1.7kg),5000,16-Mar,무안. 문경미네. ,2016-03-17,2,대형마트,410000,서대문구
883526,33,현대백화점 신촌점,23,상추,1봉지(100g),1800,16-Mar,충주. 친환경,2016-03-17,2,대형마트,410000,서대문구
883527,33,현대백화점 신촌점,22,오이,1개(다다기오이),800,16-Mar,경북 김천 ,2016-03-17,2,대형마트,410000,서대문구
883532,33,현대백화점 신촌점,17,달걀,10개,3200,16-Mar,신선특란. 경기 이천,2016-03-17,2,대형마트,410000,서대문구
883540,31,인왕시장,25,무,1개(1kg),2000,16-Mar,제주 ,2016-03-17,1,전통시장,410000,서대문구
883541,31,인왕시장,24,양파,1망(1.5kg),5000,16-Mar,무안,2016-03-17,1,전통시장,410000,서대문구
883547,31,인왕시장,18,닭고기,1마리(1kg),4500,16-Mar,신선육. 해마루 유통,2016-03-17,1,전통시장,410000,서대문구
883548,31,인왕시장,17,달걀,10개(65g),3000,16-Mar,으뜸 영양란,2016-03-17,1,전통시장,410000,서대문구
883558,120,망원시장,23,상추,1봉(200g),1000,16-Mar,이천(적상추)1봉지,2016-03-17,1,전통시장,440000,마포구
883612,122,그랜드마트 신촌점,17,달걀,10개,2480,16-Mar,"국내, (신선 특란)",2016-03-17,2,대형마트,440000,마포구
883623,105,행복한세상 목동점(하나로마트),22,오이,1개,1000,16-Mar,3개2980원,2016-03-16,2,대형마트,470000,양천구
883627,105,행복한세상 목동점(하나로마트),18,닭고기,1마리,4100,16-Mar,850g 목우촌,2016-03-16,2,대형마트,470000,양천구
883628,105,행복한세상 목동점(하나로마트),17,달걀,10개,2920,16-Mar,농협안심1듬급륵란신선란,2016-03-16,2,대형마트,470000,양천구
883644,103,신영시장,17,달걀,10개,2700,16-Mar,참생생란,2016-03-17,1,전통시장,470000,양천구
883655,102,목3동시장,22,오이,1개,1000,16-Mar,,2016-03-17,1,전통시장,470000,양천구
883660,102,목3동시장,17,달걀,10개,2500,16-Mar,"신선란,특란",2016-03-17,1,전통시장,470000,양천구
883699,40,홈플러스 등촌점,24,양파,1망(1.5kg),4490,16-Mar,무안,2016-03-17,2,대형마트,500000,강서구
883700,40,홈플러스 등촌점,23,상추,1봉지(100g),500,16-Mar,남양주(한봉지 990원,2016-03-17,2,대형마트,500000,강서구
883716,42,이마트 가양점,23,상추,100g,790,16-Mar,예냉적상추,2016-03-17,2,대형마트,500000,강서구
883717,42,이마트 가양점,22,오이,1개,800,16-Mar,강원도(5개:3980원,2016-03-17,2,대형마트,500000,강서구
883780,110,이마트 신도림점,23,상추,1봉지,1680,16-Mar,예냉상추,2016-03-16,2,대형마트,530000,구로구
883781,110,이마트 신도림점,22,오이,1개,690,16-Mar,백오이5개3480원,2016-03-16,2,대형마트,530000,구로구
883796,112,애경백화점,23,상추,1봉지,1990,16-Mar,국내산,2016-03-16,2,대형마트,530000,구로구
883859,22,이마트 여의도점,23,상추,1봉,1200,16-Mar,예냉적상추,2016-03-17,2,대형마트,560000,영등포구
883860,22,이마트 여의도점,25,무,1개 ,1880,16-Mar,,2016-03-17,2,대형마트,560000,영등포구
883865,22,이마트 여의도점,18,닭고기,1마리,8500,16-Mar,하림 1kg,2016-03-17,2,대형마트,560000,영등포구
883875,21,홈플러스 영등포점,23,상추,1봉,1490,16-Mar,,2016-03-17,2,대형마트,560000,영등포구
883876,21,홈플러스 영등포점,25,무,1개 ,1490,16-Mar,제주씻은것,2016-03-17,2,대형마트,560000,영등포구
883881,21,홈플러스 영등포점,18,닭고기,1마리,7990,16-Mar,황금닭11호 ,2016-03-17,2,대형마트,560000,영등포구
883891,20,영등포전통시장,24,양파,1망,4000,16-Mar,,2016-03-17,1,전통시장,560000,영등포구
883892,20,영등포전통시장,23,상추,1무더기,1200,16-Mar,,2016-03-17,1,전통시장,560000,영등포구
883908,19,대림중앙시장,23,상추,1봉,700,16-Mar, 1무더기,2016-03-17,1,전통시장,560000,영등포구
883913,19,대림중앙시장,18,닭고기,1마리,6000,16-Mar,,2016-03-17,1,전통시장,560000,영등포구
883914,19,대림중앙시장,17,달걀,10개,1933,16-Mar,30/5800,2016-03-17,1,전통시장,560000,영등포구
883924,127,남성시장,23,상추,100g(적상추),700,16-Mar,청상추,2016-03-17,1,전통시장,590000,동작구
883946,130,롯데백화점 영등포점,17,달걀,10개,3500,16-Mar,수원축협특란10구,2016-03-17,2,대형마트,560000,영등포구
883972,129,태평백화점,23,상추,100g(적상추),1700,16-Mar,친환경상추100g2500원,2016-03-17,2,대형마트,590000,동작구
883994,136,세이브 마트,17,달걀,10개,3000,16-Mar,신선특란 10구,2016-03-17,2,대형마트,620000,관악구
884009,134,신원시장(신림1동),18,닭고기,1마리(1kg),7000,16-Mar,하림,2016-03-17,1,전통시장,620000,관악구
884010,134,신원시장(신림1동),17,달걀,10개,2000,16-Mar,영양란10구,2016-03-17,1,전통시장,620000,관악구
884026,133,원당종합시장,17,달걀,10개,2500,16-Mar,영양란10구,2016-03-17,1,전통시장,620000,관악구
884036,200,뉴코아아울렛 강남점,23,상추,1 봉지( 100g),1690,16-Mar,친환경,2016-03-17,2,대형마트,650000,서초구
884052,217,방림시장,23,상추,100g,1300,16-Mar,,2016-03-17,1,전통시장,650000,서초구
884058,217,방림시장,17,달걀,10개 ,1400,16-Mar,,2016-03-17,1,전통시장,650000,서초구
884068,140,하나로클럽 양재점,23,상추,100g,660,16-Mar,뜨라네,2016-03-17,2,대형마트,650000,서초구
884069,140,하나로클럽 양재점,22,오이,1개,760,16-Mar,3입 2280원  백오이,2016-03-17,2,대형마트,650000,서초구
884083,218,신세계백화점 강남점,24,양파,"1망 1,2kg",4000,16-Mar,"1망( 5입), ",2016-03-17,2,대형마트,650000,서초구
884084,218,신세계백화점 강남점,23,상추,100g,1800,16-Mar,"적상추(친환경), 전북 완주",2016-03-17,2,대형마트,650000,서초구
884085,218,신세계백화점 강남점,22,오이,1개 ,2450,16-Mar,"1봉 2입 4900원,백오이",2016-03-17,2,대형마트,650000,서초구
884100,215,청담삼익시장,23,상추,100g,990,16-Mar,신선쌈,2016-03-17,1,전통시장,680000,강남구
884105,215,청담삼익시장,18,닭고기,"1마리(1,450g)",6980,16-Mar,하림자연실록,2016-03-17,1,전통시장,680000,강남구
884115,44,이마트 역삼점,24,양파,1망(1.8kg),3280,16-Mar,국내산,2016-03-17,2,대형마트,680000,강남구
884121,44,이마트 역삼점,18,닭고기,1050g,8800,16-Mar,하림토종닭백숙,2016-03-17,2,대형마트,680000,강남구
884130,216,도곡시장,25,무,1개,1980,16-Mar,국내산,2016-03-17,1,전통시장,680000,강남구
884131,216,도곡시장,24,양파,1망,4800,16-Mar,신토불이,2016-03-17,1,전통시장,680000,강남구
884148,45,롯데백화점 강남점,23,상추,180g,2580,16-Mar,친환경청상추,2016-03-17,2,대형마트,680000,강남구
884153,45,롯데백화점 강남점,18,닭고기,1마리(830g),12800,16-Mar,하림자연실록,2016-03-17,2,대형마트,680000,강남구
884154,45,롯데백화점 강남점,17,달걀,1마리20cm,3700,16-Mar,1등급란,2016-03-17,2,대형마트,680000,강남구
884162,148,홈플러스 잠실점,25,무,1개(1kg),1490,16-Mar, 1kg,2016-03-17,2,대형마트,710000,송파구
884178,147,롯데백화점 잠실점,25,무,1개(1kg),2900,16-Mar, 1.5kg,2016-03-17,2,대형마트,710000,송파구
884194,154,홈플러스 강동점,24,양파,1망(2kg),5490,16-Mar,무안,2016-03-17,2,대형마트,740000,강동구
884211,151,암사종합시장,23,상추,100g,600,16-Mar,양주,2016-03-17,1,전통시장,740000,강동구
884227,205,둔촌역전통시장,23,상추,200g,1500,16-Mar,양주(200g),2016-03-17,1,전통시장,740000,강동구
884241,153,이마트 명일점,25,무,1개(1.0kg),2500,16-Mar,제주무,2016-03-17,2,대형마트,740000,강동구
884243,153,이마트 명일점,23,상추,1봉지(200g),1580,16-Mar,,2016-03-17,2,대형마트,740000,강동구
884244,153,이마트 명일점,22,오이,1개,800,16-Mar,5개3980,2016-03-17,2,대형마트,740000,강동구
870640,145,마천중앙시장,25,무,1개(1kg),2500,16-Feb, ,2016-02-15,1,전통시장,710000,송파구
870656,146,방이시장,25,무,1개(1kg),2500,16-Feb, ,2016-02-15,1,전통시장,710000,송파구
875153,2,신세계백화점,23,상추,1봉지(100g),1320,16-Feb,국내산프레쉬스타 (적상추150g1980원,2016-02-29,2,대형마트,140000,중구
875169,56,롯데백화점,23,상추,1봉지(100g),1800,16-Feb,친환경푸룸적상추,2016-02-29,2,대형마트,140000,중구
875223,11,남대문시장,17,달걀,10개,2400,16-Feb,국내 ,2016-02-29,1,전통시장,140000,중구
875239,199,서울중앙시장,17,달걀,10개,2400,16-Feb,국내,2016-02-29,1,전통시장,140000,중구
875243,199,서울중앙시장,13,고등어,1마리,3000,16-Feb,국내,2016-02-29,1,전통시장,140000,중구
875255,60,이마트 청계점,17,달걀,10개,2480,16-Feb,국내 ,2016-02-29,2,대형마트,140000,중구
875271,8,롯데마트 서울역점,17,달걀,10개,2700,16-Feb,국내 ,2016-02-29,2,대형마트,140000,중구
875281,10,용문시장,23,상추,100g),1500,16-Feb,,2016-02-29,1,전통시장,170000,용산구
875297,63,농협 하나로마트 용산점,23,상추,100g),822,16-Feb,180g 1봉 1480,2016-02-29,2,대형마트,170000,용산구
875313,6,이마트 용산점,23,상추,100g,675,16-Feb,180g한봉1350,2016-02-29,2,대형마트,170000,용산구
875343,75,이마트 성수점,25,무,2kg,1580,16-Feb,제주,2016-02-29,2,대형마트,200000,성동구
875345,75,이마트 성수점,22,오이,1개,796,16-Feb,백오이5개3980원,2016-02-29,2,대형마트,200000,성동구
875350,75,이마트 성수점,18,닭고기,1마리,5800,16-Feb,하림닭1000g,2016-02-29,2,대형마트,200000,성동구
875359,73,뚝도시장,25,무,1kg,1000,16-Feb,,2016-02-29,1,전통시장,200000,성동구
875362,73,뚝도시장,22,오이,1개,500,16-Feb,2개1000원,2016-02-29,1,전통시장,200000,성동구
875366,73,뚝도시장,18,닭고기,1마리,4500,16-Feb,1kg,2016-02-29,1,전통시장,200000,성동구
875375,80,이마트 자양점,24,양파,1망,4480,16-Feb,무안,2016-02-29,2,대형마트,215000,광진구
875409,78,자양골목시장,22,오이,1개,800,16-Feb,백오이,2016-02-29,1,전통시장,215000,광진구
875439,85,경동시장,24,양파,1망(1.7kg),4000,16-Feb,무안,2016-02-29,1,전통시장,230000,동대문구
875446,85,경동시장,17,달걀,10개,1500,16-Feb,국내산 ,2016-02-29,1,전통시장,230000,동대문구
875454,88,롯데백화점 청량리점,24,양파,한망(5개입),6500,16-Feb,국내산 ,2016-02-29,2,대형마트,230000,동대문구
875455,88,롯데백화점 청량리점,23,상추,1봉지,3500,16-Feb,국산 적상추,2016-02-29,2,대형마트,230000,동대문구
875461,88,롯데백화점 청량리점,17,달걀,10개,3470,16-Feb,목초란 대 ,2016-02-29,2,대형마트,230000,동대문구
875469,84,청량리종합시장,25,무,1개,2000,16-Feb,국내산,2016-02-29,1,전통시장,230000,동대문구
875470,84,청량리종합시장,24,양파,1kg,4000,16-Feb,국내산,2016-02-29,1,전통시장,230000,동대문구
875471,84,청량리종합시장,23,상추,100g,500,16-Feb,1근2000원,2016-02-29,1,전통시장,230000,동대문구
875477,84,청량리종합시장,17,달걀,10개,1500,16-Feb,국내산,2016-02-29,1,전통시장,230000,동대문구
875487,86,홈플러스 동대문점,23,상추,1봉지,1490,16-Feb,국내산 ,2016-02-29,2,대형마트,230000,동대문구
875493,86,홈플러스 동대문점,17,달걀,10개,4130,16-Feb,풀무원  대 ,2016-02-29,2,대형마트,230000,동대문구
875567,15,이마트 미아점,23,상추,100g,675,16-Feb,예냉적상추.봉지 ,2016-02-29,2,대형마트,290000,성북구
875568,15,이마트 미아점,22,오이,1개,700,16-Feb,.,2016-02-29,2,대형마트,290000,성북구
875572,15,이마트 미아점,18,닭고기,1마리 (1000kg),5800,16-Feb,하림백숙용,2016-02-29,2,대형마트,290000,성북구
875583,16,현대백화점 미아점,23,상추,100g,1200,16-Feb,국내 .찹찹이,2016-02-29,2,대형마트,290000,성북구
875589,16,현대백화점 미아점,17,달걀,10개,4500,16-Feb,"국내,풀무원,목초란",2016-02-29,2,대형마트,290000,성북구
875599,14,장위골목시장,23,상추,100g,480,16-Feb,,2016-02-29,1,전통시장,290000,성북구
875616,13,돈암제일시장,22,오이,1개,600,16-Feb,,2016-02-29,1,전통시장,290000,성북구
875629,66,수유재래시장,25,무,1개(1.4kg),2000,16-Feb,제주,2016-02-29,1,전통시장,305000,강북구
875630,66,수유재래시장,24,양파,1망,3500,16-Feb,무안,2016-02-29,1,전통시장,305000,강북구
875641,66,수유재래시장,18,닭고기,1kg,6000,16-Feb,,2016-02-29,1,전통시장,305000,강북구
875645,221,숭인시장,25,무,1개(1.4kg),1500,16-Feb,제주,2016-02-29,1,전통시장,305000,강북구
875646,221,숭인시장,24,양파,1망(1.5kg),3000,16-Feb,무안,2016-02-29,1,전통시장,305000,강북구
875647,221,숭인시장,23,상추,100g,500,16-Feb,1근 2000원,2016-02-29,1,전통시장,305000,강북구
875648,221,숭인시장,22,오이,1개,666,16-Feb,3개 2000원,2016-02-29,1,전통시장,305000,강북구
875656,221,숭인시장,18,닭고기,1마리 ,6000,16-Feb,마니커,2016-02-29,1,전통시장,305000,강북구
875668,68,롯데백화점 미아점,18,닭고기,1마리,9200,16-Feb,"하림,",2016-02-29,2,대형마트,305000,강북구
875709,27,이마트 창동점,25,무,1개(2.6kg),1580,16-Feb,제주도,2016-02-29,2,대형마트,320000,도봉구
875710,27,이마트 창동점,24,양파,1망(1.5kg),3735,16-Feb,무안,2016-02-29,2,대형마트,320000,도봉구
875725,28,홈플러스 방학점,25,무,1개(2.1kg),1490,16-Feb,제주도,2016-02-29,2,대형마트,320000,도봉구
875726,28,홈플러스 방학점,24,양파,1망(1.5kg),3990,16-Feb,무안,2016-02-29,2,대형마트,320000,도봉구
875742,26,신창시장,24,양파,1망(1.5kg),3800,16-Feb,무안,2016-02-29,1,전통시장,320000,도봉구
875759,98,롯데백화점 노원점,23,상추,(100g),2580,16-Feb,,2016-02-29,2,대형마트,350000,노원구
875775,210,상계중앙시장,23,상추, (100g),500,16-Feb,,2016-02-29,1,전통시장,350000,노원구
875777,210,상계중앙시장,17,달걀,10개,2000,16-Feb,일반,2016-02-29,1,전통시장,350000,노원구
875791,100,홈플러스 중계점,23,상추, (138g),1990,16-Feb,,2016-02-29,2,대형마트,350000,노원구
875807,96,공릉동 도깨비시장,23,상추, (100g),600,16-Feb,,2016-02-29,1,전통시장,350000,노원구
875822,219,대조시장,24,양파,1망(1.5kg),3000,16-Feb,국산,2016-02-29,1,전통시장,380000,은평구
875838,49,대림시장,24,양파,1망(1.5kg),3000,16-Feb,국산,2016-02-29,1,전통시장,380000,은평구
875853,51,2001아울렛 불광점,25,무,1개,1790,16-Feb,제주세척,2016-02-29,2,대형마트,380000,은평구
875855,51,2001아울렛 불광점,23,상추,100g,1790,16-Feb,경기이천,2016-02-29,2,대형마트,380000,은평구
875860,51,2001아울렛 불광점,18,닭고기,1마리(1000g),5990,16-Feb,올품,2016-02-29,2,대형마트,380000,은평구
875871,53,이마트 은평점,23,상추,(100g),1350,16-Feb,예냉,2016-02-29,2,대형마트,380000,은평구
875876,53,이마트 은평점,18,닭고기,1마리(1400g),5800,16-Feb,올품,2016-02-29,2,대형마트,380000,은평구
875885,31,인왕시장,25,무,1개(1kg),1500,16-Feb,제주 ,2016-02-29,1,전통시장,410000,서대문구
875886,31,인왕시장,24,양파,1망(1.5kg),4000,16-Feb,무안,2016-02-29,1,전통시장,410000,서대문구
875892,31,인왕시장,18,닭고기,1마리(1kg),4500,16-Feb,신선육. 해마루 유통,2016-02-29,1,전통시장,410000,서대문구
875893,31,인왕시장,17,달걀,10개(65g),3000,16-Feb,으뜸 영양란,2016-02-29,1,전통시장,410000,서대문구
875901,32,영천시장,25,무,1개(1.5kg),1000,16-Feb,제주,2016-02-29,1,전통시장,410000,서대문구
875902,32,영천시장,24,양파,1망(1.3kg),3500,16-Feb,무안. ,2016-02-29,1,전통시장,410000,서대문구
875903,32,영천시장,23,상추,1봉지(100g),350,16-Feb,이천,2016-02-29,1,전통시장,410000,서대문구
875908,32,영천시장,18,닭고기,1마리(1.13kg),6500,16-Feb,하림 신성토종닭(12호),2016-02-29,1,전통시장,410000,서대문구
875917,220,굿모닝마트 유진점,25,무,1개(1.3kg),1790,16-Feb,제주  ,2016-02-29,2,대형마트,410000,서대문구
875918,220,굿모닝마트 유진점,24,양파,1망(1kg),3390,16-Feb,무한. ,2016-02-29,2,대형마트,410000,서대문구
875924,220,굿모닝마트 유진점,18,닭고기,1마리 (1.1kg),8900,16-Feb,하림.참진 토종닭,2016-02-29,2,대형마트,410000,서대문구
875925,220,굿모닝마트 유진점,17,달걀,10개(60g),4500,16-Feb,풀무원 목초란,2016-02-29,2,대형마트,410000,서대문구
875933,33,현대백화점 신촌점,25,무,1개(1.2kg),2200,16-Feb,제주. 친환경 ,2016-02-29,2,대형마트,410000,서대문구
875934,33,현대백화점 신촌점,24,양파,1망(1.7kg),4000,16-Feb,무안. 문경미네. ,2016-02-29,2,대형마트,410000,서대문구
875935,33,현대백화점 신촌점,23,상추,1봉지(100g),1800,16-Feb,충주. 친환경,2016-02-29,2,대형마트,410000,서대문구
875936,33,현대백화점 신촌점,22,오이,1개(다다기오이),1000,16-Feb,경북 김천 ,2016-02-29,2,대형마트,410000,서대문구
875941,33,현대백화점 신촌점,17,달걀,10개,3200,16-Feb,친환경 인증란. 경북 봉화,2016-02-29,2,대형마트,410000,서대문구
875951,120,망원시장,23,상추,1봉(200g),1000,16-Feb,이천(적상추)1봉지,2016-02-29,1,전통시장,440000,마포구
875973,122,그랜드마트 신촌점,17,달걀,10개,2480,16-Feb,"국내, (신선 특란)",2016-02-29,2,대형마트,440000,마포구
876032,105,행복한세상 목동점(하나로마트),22,오이,1개,600,16-Feb,5개2980원,2016-02-29,2,대형마트,470000,양천구
876036,105,행복한세상 목동점(하나로마트),18,닭고기,1마리,3830,16-Feb,850g 목우촌,2016-02-29,2,대형마트,470000,양천구
876037,105,행복한세상 목동점(하나로마트),17,달걀,10개,3200,16-Feb,농협안심1듬급륵란신선란,2016-02-29,2,대형마트,470000,양천구
876048,102,목3동시장,22,오이,1개,1000,16-Feb,,2016-02-29,1,전통시장,470000,양천구
876053,102,목3동시장,17,달걀,10개,2500,16-Feb,"신선란,특란",2016-02-29,1,전통시장,470000,양천구
876069,103,신영시장,17,달걀,10개,2700,16-Feb,참생생란,2016-02-29,1,전통시장,470000,양천구
876095,42,이마트 가양점,23,상추,100g,675,16-Feb,예냉적상추,2016-02-29,2,대형마트,500000,강서구
876096,42,이마트 가양점,22,오이,1개,800,16-Feb,강원도(5개:3980원,2016-02-29,2,대형마트,500000,강서구
876110,40,홈플러스 등촌점,24,양파,1망(1.5kg),3990,16-Feb,무안,2016-02-29,2,대형마트,500000,강서구
876111,40,홈플러스 등촌점,23,상추,1봉지(100g),745,16-Feb,남양주(한봉지 1490원,2016-02-29,2,대형마트,500000,강서구
876142,112,애경백화점,23,상추,1봉지,990,16-Feb,국내산,2016-02-29,2,대형마트,530000,구로구
876158,110,이마트 신도림점,23,상추,1봉지,1350,16-Feb,예냉상추(행사),2016-02-29,2,대형마트,530000,구로구
876159,110,이마트 신도림점,22,오이,1개,800,16-Feb,백오이5개3980원,2016-02-29,2,대형마트,530000,구로구
876175,108,남구로시장,22,오이,1개,500,16-Feb,국내산5개2500,2016-02-29,1,전통시장,530000,구로구
876254,129,태평백화점,23,상추,100g(적상추),1700,16-Feb,친환경상추100g2500원,2016-02-29,2,대형마트,590000,동작구
876270,127,남성시장,23,상추,100g(적상추),600,16-Feb,청상추,2016-02-29,1,전통시장,590000,동작구
876292,130,롯데백화점 영등포점,17,달걀,10개,3500,16-Feb,수원축협특란10구,2016-02-29,2,대형마트,560000,영등포구
876308,133,원당종합시장,17,달걀,10개,2500,16-Feb,영양란10구,2016-02-29,1,전통시장,620000,관악구
876324,135,롯데백화점 관악점,17,달걀,10개,3280,16-Feb,오성신선란10구,2016-02-29,2,대형마트,620000,관악구
876339,134,신원시장(신림1동),18,닭고기,1마리(1kg),7000,16-Feb,하림,2016-02-29,1,전통시장,620000,관악구
876340,134,신원시장(신림1동),17,달걀,10개,2000,16-Feb,영양란10구,2016-02-29,1,전통시장,620000,관악구
876356,136,세이브 마트,17,달걀,10개,3000,16-Feb,신선특란 10구,2016-02-29,2,대형마트,620000,관악구
876365,218,신세계백화점 강남점,24,양파,"1망 1,2kg",4000,16-Feb,"1망( 5입), ",2016-02-29,2,대형마트,650000,서초구
876366,218,신세계백화점 강남점,23,상추,100g,1800,16-Feb,"적상추(친환경), 전북 완주",2016-02-29,2,대형마트,650000,서초구
876367,218,신세계백화점 강남점,22,오이,1개 ,2450,16-Feb,"1봉 2입 4900원,백오이",2016-02-29,2,대형마트,650000,서초구
876382,217,방림시장,23,상추,100g,1300,16-Feb,,2016-02-29,1,전통시장,650000,서초구
876388,217,방림시장,17,달걀,10개 ,1400,16-Feb,,2016-02-29,1,전통시장,650000,서초구
876398,140,하나로클럽 양재점,23,상추,100g,920,16-Feb,150g 1380원 뜨라네,2016-02-29,2,대형마트,650000,서초구
876399,140,하나로클럽 양재점,22,오이,1개,730,16-Feb,3입 2200원  백오이,2016-02-29,2,대형마트,650000,서초구
876414,200,뉴코아아울렛 강남점,23,상추,1 봉지( 100g),1990,16-Feb,친환경,2016-02-29,2,대형마트,650000,서초구
876430,45,롯데백화점 강남점,23,상추,180g,1280,16-Feb,친환경청상추,2016-02-28,2,대형마트,680000,강남구
876435,45,롯데백화점 강남점,18,닭고기,1마리(830g),8500,16-Feb,하림자연실록,2016-02-28,2,대형마트,680000,강남구
876436,45,롯데백화점 강남점,17,달걀,1마리20cm,3700,16-Feb,1등급란,2016-02-28,2,대형마트,680000,강남구
876446,215,청담삼익시장,23,상추,100g,990,16-Feb,신선쌈,2016-02-28,1,전통시장,680000,강남구
876451,215,청담삼익시장,18,닭고기,"1마리(1,450g)",6980,16-Feb,하림유황먹은참진토종닭,2016-02-28,1,전통시장,680000,강남구
876460,216,도곡시장,25,무,1개,1480,16-Feb,국내산,2016-02-28,1,전통시장,680000,강남구
876461,216,도곡시장,24,양파,1망,4800,16-Feb,신토불이,2016-02-28,1,전통시장,680000,강남구
876477,44,이마트 역삼점,24,양파,1망(1.8kg),4280,16-Feb,국내산,2016-02-28,2,대형마트,680000,강남구
876483,44,이마트 역삼점,18,닭고기,1050g,8800,16-Feb,하림토종닭백숙,2016-02-28,2,대형마트,680000,강남구
876492,147,롯데백화점 잠실점,25,무,1개(1kg),3700,16-Feb, 1.6kg,2016-02-29,2,대형마트,710000,송파구
876507,148,홈플러스 잠실점,25,무,1개(1kg),1490,16-Feb, 1kg,2016-02-29,2,대형마트,710000,송파구
876525,205,둔촌역전통시장,23,상추,200g,1500,16-Feb,양주(200g),2016-02-29,1,전통시장,740000,강동구
876541,151,암사종합시장,23,상추,100g,500,16-Feb,양주,2016-02-29,1,전통시장,740000,강동구
876555,153,이마트 명일점,25,무,1개(1.0kg),2500,16-Feb,제주무,2016-02-29,2,대형마트,740000,강동구
876557,153,이마트 명일점,23,상추,1봉지(200g),1350,16-Feb,,2016-02-29,2,대형마트,740000,강동구
876558,153,이마트 명일점,22,오이,1개,720,16-Feb,5개3580,2016-02-29,2,대형마트,740000,강동구
876572,154,홈플러스 강동점,24,양파,1망(2kg),5490,16-Feb,무안,2016-02-29,2,대형마트,740000,강동구
876587,72,금남시장,25,무,1개(2kg),2000,16-Feb,1.5kg 국내산,2016-02-29,1,전통시장,200000,성동구
876594,72,금남시장,18,닭고기,1마리,5500,16-Feb,1kg국내산,2016-02-29,1,전통시장,200000,성동구
876595,72,금남시장,17,달걀,10개,1833,16-Feb,30개 5500원,2016-02-29,1,전통시장,200000,성동구
876602,74,이마트 왕십리점,25,무,1개,1580,16-Feb,1.5국내산 ,2016-02-29,2,대형마트,200000,성동구
876604,74,이마트 왕십리점,23,상추,100g,1350,16-Feb,1봉 예냉적상추 이천,2016-02-29,2,대형마트,200000,성동구
876609,74,이마트 왕십리점,18,닭고기,1마리(1.kg이상),5800,16-Feb,국내산 백숙용하림,2016-02-29,2,대형마트,200000,성동구
876620,19,대림중앙시장,23,상추,1봉,1000,16-Feb, 1무더기,2016-02-29,1,전통시장,560000,영등포구
876625,19,대림중앙시장,18,닭고기,1마리,6000,16-Feb,,2016-02-29,1,전통시장,560000,영등포구
876626,19,대림중앙시장,17,달걀,10개,1933,16-Feb,30/5800,2016-02-29,1,전통시장,560000,영등포구
876635,20,영등포전통시장,24,양파,1망,3500,16-Feb,,2016-02-29,1,전통시장,560000,영등포구
876636,20,영등포전통시장,23,상추,1무더기,1200,16-Feb,,2016-02-29,1,전통시장,560000,영등포구
876651,21,홈플러스 영등포점,23,상추,1봉,1490,16-Feb,200g,2016-02-29,2,대형마트,560000,영등포구
876652,21,홈플러스 영등포점,25,무,1개 ,1490,16-Feb,제주,2016-02-29,2,대형마트,560000,영등포구
876657,21,홈플러스 영등포점,18,닭고기,1마리,3990,16-Feb,행사상품 황금닭11호 ,2016-02-29,2,대형마트,560000,영등포구
876667,22,이마트 여의도점,23,상추,1봉,1350,16-Feb,200g,2016-02-29,2,대형마트,560000,영등포구
876668,22,이마트 여의도점,25,무,1개 ,1580,16-Feb,,2016-02-29,2,대형마트,560000,영등포구
876673,22,이마트 여의도점,18,닭고기,1마리,3990,16-Feb,하림 1kg행사상품,2016-02-29,2,대형마트,560000,영등포구
862451,217,방림시장,23,상추,100g,1500,16-Jan,,2016-01-25,1,전통시장,650000,서초구
862457,217,방림시장,17,달걀,10개 ,1500,16-Jan,,2016-01-25,1,전통시장,650000,서초구
862643,108,남구로시장,22,오이,1개,600,16-Jan,국내산5개3000,2016-01-25,1,전통시장,530000,구로구
863278,98,롯데백화점 노원점,23,상추,(100g),2580,16-Jan,,2016-01-28,2,대형마트,350000,노원구
863293,88,롯데백화점 청량리점,24,양파,한망(5개입),6500,16-Jan,국내산 ,2016-01-28,2,대형마트,230000,동대문구
863294,88,롯데백화점 청량리점,23,상추,1봉지,3500,16-Jan,국산 적상추,2016-01-28,2,대형마트,230000,동대문구
863300,88,롯데백화점 청량리점,17,달걀,10개,3470,16-Jan,목초란 대 ,2016-01-28,2,대형마트,230000,동대문구
863308,74,이마트 왕십리점,25,무,1개,1800,16-Jan,1.5국내산 제주,2016-01-28,2,대형마트,200000,성동구
863310,74,이마트 왕십리점,23,상추,100g,2450,16-Jan,1봉 예냉적상추 이천,2016-01-28,2,대형마트,200000,성동구
863315,74,이마트 왕십리점,18,닭고기,1마리(1.kg이상),5550,16-Jan,국내산 백숙용하림,2016-01-28,2,대형마트,200000,성동구
863326,100,홈플러스 중계점,23,상추, (138g),1490,16-Jan,,2016-01-28,2,대형마트,350000,노원구
863342,200,뉴코아아울렛 강남점,23,상추,1 봉지( 100g),2290,16-Jan,친환경,2016-01-28,2,대형마트,650000,서초구
863356,28,홈플러스 방학점,25,무,1개(2.4kg),1230,16-Jan,제주도,2016-01-28,2,대형마트,320000,도봉구
863357,28,홈플러스 방학점,24,양파,1망(1.5kg),4200,16-Jan,무안,2016-01-28,2,대형마트,320000,도봉구
863388,27,이마트 창동점,25,무,1개(2.7kg),1880,16-Jan,제주도,2016-01-28,2,대형마트,320000,도봉구
863389,27,이마트 창동점,24,양파,1망(1.5kg),3810,16-Jan,무안,2016-01-28,2,대형마트,320000,도봉구
863468,75,이마트 성수점,25,무,2kg,1880,16-Jan,,2016-01-28,2,대형마트,200000,성동구
863470,75,이마트 성수점,22,오이,1개,996,16-Jan,백오이5개4980원,2016-01-28,2,대형마트,200000,성동구
863475,75,이마트 성수점,18,닭고기,1마리,5800,16-Jan,하림닭1kg,2016-01-28,2,대형마트,200000,성동구
863484,73,뚝도시장,25,무,2kg,1500,16-Jan,,2016-01-28,1,전통시장,200000,성동구
863487,73,뚝도시장,22,오이,1개,500,16-Jan,2개1000원,2016-01-28,1,전통시장,200000,성동구
863491,73,뚝도시장,18,닭고기,1마리,4500,16-Jan,1kg,2016-01-28,1,전통시장,200000,성동구
863507,103,신영시장,17,달걀,10개,2700,16-Jan,참생생란,2016-01-28,1,전통시장,470000,양천구
863518,102,목3동시장,22,오이,1개,1000,16-Jan,작은것,2016-01-28,1,전통시장,470000,양천구
863523,102,목3동시장,17,달걀,10개,2500,16-Jan,"신선란,특란",2016-01-28,1,전통시장,470000,양천구
863534,105,행복한세상 목동점(하나로마트),22,오이,1개,1000,16-Jan,3개2980원,2016-01-28,2,대형마트,470000,양천구
863538,105,행복한세상 목동점(하나로마트),18,닭고기,1마리,4890,16-Jan,550g 목윷촌,2016-01-28,2,대형마트,470000,양천구
863539,105,행복한세상 목동점(하나로마트),17,달걀,10개,3140,16-Jan,농협안심1듬급륵란신선란,2016-01-28,2,대형마트,470000,양천구
863587,8,롯데마트 서울역점,17,달걀,10개,2700,16-Jan,국내 ,2016-01-28,2,대형마트,140000,중구
863603,60,이마트 청계점,17,달걀,10개,2500,16-Jan,국내 ,2016-01-28,2,대형마트,140000,중구
863613,63,농협 하나로마트 용산점,23,상추,100g),1480,16-Jan,,2016-01-28,2,대형마트,170000,용산구
863634,11,남대문시장,17,달걀,10개,2400,16-Jan,국내 ,2016-01-28,1,전통시장,140000,중구
863645,6,이마트 용산점,23,상추,180g,1780,16-Jan,예냉적상추,2016-01-28,2,대형마트,170000,용산구
863660,22,이마트 여의도점,23,상추,1봉,1780,16-Jan,200g,2016-01-28,2,대형마트,560000,영등포구
863661,22,이마트 여의도점,25,무,1개 ,1880,16-Jan,,2016-01-28,2,대형마트,560000,영등포구
863666,22,이마트 여의도점,18,닭고기,1마리,5500,16-Jan,하림 1kg,2016-01-28,2,대형마트,560000,영등포구
863676,21,홈플러스 영등포점,24,양파,1000g,4200,16-Jan, 좋은상품,2016-01-28,2,대형마트,560000,영등포구
863677,21,홈플러스 영등포점,23,상추,1봉,1190,16-Jan,,2016-01-28,2,대형마트,560000,영등포구
863683,21,홈플러스 영등포점,17,달걀,10개,2580,16-Jan,,2016-01-28,2,대형마트,560000,영등포구
863692,20,영등포전통시장,24,양파,1망,3500,16-Jan,,2016-01-28,1,전통시장,560000,영등포구
863693,20,영등포전통시장,23,상추,1무더기,1000,16-Jan,,2016-01-28,1,전통시장,560000,영등포구
863709,19,대림중앙시장,23,상추,1봉,800,16-Jan, ,2016-01-28,1,전통시장,560000,영등포구
863714,19,대림중앙시장,18,닭고기,1마리,6000,16-Jan,,2016-01-28,1,전통시장,560000,영등포구
863715,19,대림중앙시장,17,달걀,10개,2100,16-Jan,,2016-01-28,1,전통시장,560000,영등포구
863725,86,홈플러스 동대문점,23,상추,1봉지,2990,16-Jan,국내산 ,2016-01-28,2,대형마트,230000,동대문구
863731,86,홈플러스 동대문점,17,달걀,10개,3320,16-Jan,풀무원  대 ,2016-01-28,2,대형마트,230000,동대문구
863740,85,경동시장,24,양파,1망(1.7kg),4000,16-Jan,무안,2016-01-28,1,전통시장,230000,동대문구
863747,85,경동시장,17,달걀,10개,1600,16-Jan,국내산 ,2016-01-28,1,전통시장,230000,동대문구
863754,84,청량리종합시장,25,무,1개,2000,16-Jan,국내산,2016-01-28,1,전통시장,230000,동대문구
863755,84,청량리종합시장,24,양파,1kg,4000,16-Jan,국내산,2016-01-28,1,전통시장,230000,동대문구
863756,84,청량리종합시장,23,상추,100g,875,16-Jan,1근3500원,2016-01-28,1,전통시장,230000,동대문구
863762,84,청량리종합시장,17,달걀,10개,1600,16-Jan,국내산,2016-01-28,1,전통시장,230000,동대문구
863772,96,공릉동 도깨비시장,23,상추, (100g),750,16-Jan,,2016-01-28,1,전통시장,350000,노원구
863786,72,금남시장,25,무,1개(2kg),2000,16-Jan,1.5kg 국내산,2016-01-28,1,전통시장,200000,성동구
863793,72,금남시장,18,닭고기,1마리,5500,16-Jan,1kg국내산,2016-01-28,1,전통시장,200000,성동구
863794,72,금남시장,17,달걀,10개,1833,16-Jan,30개 5500원,2016-01-28,1,전통시장,200000,성동구
863803,210,상계중앙시장,23,상추, (100g),750,16-Jan,,2016-01-28,1,전통시장,350000,노원구
863805,210,상계중앙시장,17,달걀,10개,2000,16-Jan,일반,2016-01-28,1,전통시장,350000,노원구
863819,140,하나로클럽 양재점,23,상추,100g,1160,16-Jan,180g 2080원 뜨라네,2016-01-28,2,대형마트,650000,서초구
863820,140,하나로클럽 양재점,22,오이,1개,780,16-Jan,5입 3880원  백오이,2016-01-28,2,대형마트,650000,서초구
863834,218,신세계백화점 강남점,24,양파,"1망 1,2kg",3500,16-Jan,"1망( 5입), ",2016-01-28,2,대형마트,650000,서초구
863835,218,신세계백화점 강남점,23,상추,100g,1800,16-Jan,"적상추(친환경), 전북 완주",2016-01-28,2,대형마트,650000,서초구
863836,218,신세계백화점 강남점,22,오이,1개 ,1950,16-Jan,"1봉 2입 3900원,백오이",2016-01-28,2,대형마트,650000,서초구
863851,16,현대백화점 미아점,23,상추,100g,1200,16-Jan,국내 .찹찹이,2016-01-28,2,대형마트,290000,성북구
863857,16,현대백화점 미아점,17,달걀,10개,4500,16-Jan,"국내,풀무원,목초란",2016-01-28,2,대형마트,290000,성북구
863867,15,이마트 미아점,23,상추,100g,940,16-Jan,예냉적상추.봉지 ,2016-01-28,2,대형마트,290000,성북구
863868,15,이마트 미아점,22,오이,1개,1000,16-Jan,.,2016-01-28,2,대형마트,290000,성북구
863872,15,이마트 미아점,18,닭고기,1마리 (1000kg),5250,16-Jan,체리부로2마리백숙용,2016-01-28,2,대형마트,290000,성북구
863884,13,돈암제일시장,22,오이,1개,600,16-Jan,,2016-01-28,1,전통시장,290000,성북구
863899,14,장위골목시장,23,상추,100g,800,16-Jan,,2016-01-28,1,전통시장,290000,성북구
863914,26,신창시장,24,양파,1망(1.5kg),3800,16-Jan,무안,2016-01-28,1,전통시장,320000,도봉구
863968,68,롯데백화점 미아점,18,닭고기,1마리,9500,16-Jan,"하림,토종닭",2016-01-28,2,대형마트,305000,강북구
863977,221,숭인시장,25,무,1개(1.4kg),1500,16-Jan,제주,2016-01-28,1,전통시장,305000,강북구
863978,221,숭인시장,24,양파,1망(1.5kg),3000,16-Jan,무안,2016-01-28,1,전통시장,305000,강북구
863979,221,숭인시장,23,상추,100g,500,16-Jan,1근 2000원,2016-01-28,1,전통시장,305000,강북구
863980,221,숭인시장,22,오이,1개,666,16-Jan,3개 2000원,2016-01-28,1,전통시장,305000,강북구
863988,221,숭인시장,18,닭고기,1마리 ,6000,16-Jan,마니커,2016-01-28,1,전통시장,305000,강북구
863993,66,수유재래시장,25,무,1개(1.4kg),2000,16-Jan,제주,2016-01-28,1,전통시장,305000,강북구
863994,66,수유재래시장,24,양파,1망,3500,16-Jan,무안,2016-01-28,1,전통시장,305000,강북구
864005,66,수유재래시장,18,닭고기,1kg,6000,16-Jan,,2016-01-28,1,전통시장,305000,강북구
864011,42,이마트 가양점,23,상추,100g,890,16-Jan,예냉적상추(1봉 1780원),2016-01-28,2,대형마트,500000,강서구
864012,42,이마트 가양점,22,오이,1개,1000,16-Jan,강원도(5개:4980원,2016-01-28,2,대형마트,500000,강서구
864025,146,방이시장,25,무,1개(1kg),2500,16-Jan, ,2016-01-28,1,전통시장,710000,송파구
864042,219,대조시장,24,양파,1망(1.5kg),4000,16-Jan,국산,2016-01-28,1,전통시장,380000,은평구
864097,133,원당종합시장,17,달걀,10개,2500,16-Jan,영양란10구,2016-01-28,1,전통시장,620000,관악구
864113,122,그랜드마트 신촌점,17,달걀,10개,2480,16-Jan,"국내, (신선 특란)",2016-01-28,2,대형마트,440000,마포구
864137,32,영천시장,25,무,1개(1.5kg),1300,16-Jan,제주,2016-01-28,1,전통시장,410000,서대문구
864138,32,영천시장,24,양파,1망(1.3kg),3500,16-Jan,무안. ,2016-01-28,1,전통시장,410000,서대문구
864139,32,영천시장,23,상추,1봉지(100g),700,16-Jan,이천,2016-01-28,1,전통시장,410000,서대문구
864144,32,영천시장,18,닭고기,1마리(1.13kg),6500,16-Jan,하림 신성토종닭(12호),2016-01-28,1,전통시장,410000,서대문구
864153,220,굿모닝마트 유진점,25,무,1개(1.6kg),1000,16-Jan,제주  세일,2016-01-28,2,대형마트,410000,서대문구
864154,220,굿모닝마트 유진점,24,양파,1망(1.7kg),3590,16-Jan,무한. ,2016-01-28,2,대형마트,410000,서대문구
864160,220,굿모닝마트 유진점,18,닭고기,1마리 (1.05kg),9980,16-Jan,참진 토종닭.,2016-01-28,2,대형마트,410000,서대문구
864161,220,굿모닝마트 유진점,17,달걀,10개(60g),4500,16-Jan,풀무원 목초란,2016-01-28,2,대형마트,410000,서대문구
864169,33,현대백화점 신촌점,25,무,1개(1.2kg),2500,16-Jan,제주. 친환경 ,2016-01-28,2,대형마트,410000,서대문구
864170,33,현대백화점 신촌점,24,양파,1망(1.7kg),5500,16-Jan,무안. 문경미네. ,2016-01-28,2,대형마트,410000,서대문구
864171,33,현대백화점 신촌점,23,상추,1봉지(100g),1800,16-Jan,충주. 친환경,2016-01-28,2,대형마트,410000,서대문구
864172,33,현대백화점 신촌점,22,오이,1개(다다기오이),1250,16-Jan,경기 이천 ,2016-01-28,2,대형마트,410000,서대문구
864177,33,현대백화점 신촌점,17,달걀,10개,3200,16-Jan,친환경 인증란. 경북 봉화,2016-01-28,2,대형마트,410000,서대문구
864185,31,인왕시장,25,무,1개(1kg),2000,16-Jan,제주 ,2016-01-28,1,전통시장,410000,서대문구
864186,31,인왕시장,24,양파,1망(1.5kg),4000,16-Jan,무안,2016-01-28,1,전통시장,410000,서대문구
864192,31,인왕시장,18,닭고기,1마리(1kg),4500,16-Jan,신선육. 해마루 유통,2016-01-28,1,전통시장,410000,서대문구
864193,31,인왕시장,17,달걀,10개(65g),3000,16-Jan,으뜸 영양란,2016-01-28,1,전통시장,410000,서대문구
864297,40,홈플러스 등촌점,24,양파,1망(1.5kg),4200,16-Jan,무안,2016-01-28,2,대형마트,500000,강서구
864298,40,홈플러스 등촌점,23,상추,1봉지(100g),750,16-Jan,남양주(한봉지 1490원,2016-01-28,2,대형마트,500000,강서구
864312,145,마천중앙시장,25,무,1개(1kg),2500,16-Jan, ,2016-01-28,1,전통시장,710000,송파구
864330,53,이마트 은평점,23,상추,(100g),790,16-Jan,예냉,2016-01-28,2,대형마트,380000,은평구
864335,53,이마트 은평점,18,닭고기,1마리(1050g),7500,16-Jan,체리부로,2016-01-28,2,대형마트,380000,은평구
864345,49,대림시장,24,양파,1망(1.5kg),3000,16-Jan,국산,2016-01-28,1,전통시장,380000,은평구
864368,136,세이브 마트,17,달걀,10개,3000,16-Jan,신선특란 10구,2016-01-28,2,대형마트,620000,관악구
864376,51,2001아울렛 불광점,25,무,1개,1590,16-Jan,제주세척,2016-01-28,2,대형마트,380000,은평구
864378,51,2001아울렛 불광점,23,상추,100g,1990,16-Jan,경기,2016-01-28,2,대형마트,380000,은평구
864383,51,2001아울렛 불광점,18,닭고기,1마리(1000g),6990,16-Jan,초원전설,2016-01-28,2,대형마트,380000,은평구
864400,135,롯데백화점 관악점,17,달걀,10개,3280,16-Jan,오성신선란10구,2016-01-28,2,대형마트,620000,관악구
864410,120,망원시장,23,상추,1봉(200g),2000,16-Jan,이천(적상추)1봉지,2016-01-28,1,전통시장,440000,마포구
864424,148,홈플러스 잠실점,25,무,1개(1kg),1230,16-Jan, 1kg,2016-01-28,2,대형마트,710000,송파구
864440,147,롯데백화점 잠실점,25,무,1개(1kg),1750,16-Jan, 2kg 3500원,2016-01-28,2,대형마트,710000,송파구
864462,134,신원시장(신림1동),18,닭고기,1마리(1kg),7000,16-Jan,하림,2016-01-28,1,전통시장,620000,관악구
864463,134,신원시장(신림1동),17,달걀,10개,2000,16-Jan,영양란10구,2016-01-28,1,전통시장,620000,관악구
864473,10,용문시장,23,상추,100g),1000,16-Jan,,2016-01-28,1,전통시장,170000,용산구
864495,199,서울중앙시장,17,달걀,10개,2400,16-Jan,국내,2016-01-28,1,전통시장,140000,중구
864499,199,서울중앙시장,13,고등어,1마리,3000,16-Jan,국내,2016-01-28,1,전통시장,140000,중구
864521,2,신세계백화점,23,상추,1봉지(100g),1320,16-Jan,국내산프레쉬스타 (적상추150g1980원,2016-01-28,2,대형마트,140000,중구
864553,56,롯데백화점,23,상추,1봉지(100g),1800,16-Jan,친환경푸룸적상추,2016-01-28,2,대형마트,140000,중구
864568,154,홈플러스 강동점,24,양파,1망(2kg),5500,16-Jan,무안,2016-01-28,2,대형마트,740000,강동구
864585,151,암사종합시장,23,상추,100g,750,16-Jan,양주,2016-01-28,1,전통시장,740000,강동구
864599,153,이마트 명일점,25,무,1개(1.0kg),1600,16-Jan,제주무,2016-01-28,2,대형마트,740000,강동구
864601,153,이마트 명일점,23,상추,1봉지(100g),790,16-Jan,예냉200g1580,2016-01-28,2,대형마트,740000,강동구
864602,153,이마트 명일점,22,오이,1개,800,16-Jan,5개3980원,2016-01-28,2,대형마트,740000,강동구
864617,205,둔촌역전통시장,23,상추,200g,1500,16-Jan,양주(200g),2016-01-28,1,전통시장,740000,강동구
864649,112,애경백화점,23,상추,1봉지,2990,16-Jan,국내산적상추,2016-01-27,2,대형마트,530000,구로구
864665,110,이마트 신도림점,23,상추,1봉지,1680,16-Jan,적상추,2016-01-27,2,대형마트,530000,구로구
864666,110,이마트 신도림점,22,오이,1개,800,16-Jan,국내산5개3980원,2016-01-27,2,대형마트,530000,구로구
864702,130,롯데백화점 영등포점,17,달걀,10개,4200,16-Jan,프레시안순맑은계란10구,2016-01-28,2,대형마트,560000,영등포구
864712,127,남성시장,23,상추,100g(적상추),800,16-Jan,청상추,2016-01-28,1,전통시장,590000,동작구
864744,129,태평백화점,23,상추,100g(적상추),1700,16-Jan,친환경상추100g2500원,2016-01-28,2,대형마트,590000,동작구
864761,78,자양골목시장,22,오이,1개,1150,16-Jan,백오이,2016-01-27,1,전통시장,215000,광진구
864791,80,이마트 자양점,24,양파,1망,4980,16-Jan,무안,2016-01-27,2,대형마트,215000,광진구
865620,45,롯데백화점 강남점,23,상추,180g,2580,16-Jan,친환경청상추,2016-01-31,2,대형마트,680000,강남구
865625,45,롯데백화점 강남점,18,닭고기,1마리(830g),11800,16-Jan,하림자연실록,2016-01-31,2,대형마트,680000,강남구
865626,45,롯데백화점 강남점,17,달걀,1마리20cm,3700,16-Jan,1등급란,2016-01-31,2,대형마트,680000,강남구
865857,216,도곡시장,25,무,1개,1980,16-Jan,국내산,2016-01-31,1,전통시장,680000,강남구
865858,216,도곡시장,24,양파,1망,4800,16-Jan,신토불이,2016-01-31,1,전통시장,680000,강남구
866115,215,청담삼익시장,23,상추,100g,990,16-Jan,신선쌈,2016-01-31,1,전통시장,680000,강남구
866120,215,청담삼익시장,18,닭고기,"1마리(1,450g)",6980,16-Jan,하림자연실록,2016-01-31,1,전통시장,680000,강남구
866130,44,이마트 역삼점,24,양파,1망(1.8kg),4580,16-Jan,국내산,2016-01-31,2,대형마트,680000,강남구
866136,44,이마트 역삼점,18,닭고기,1000g,7800,16-Jan,하림토종닭백숙,2016-01-31,2,대형마트,680000,강남구
850338,98,롯데백화점 노원점,23,상추,(100g),3980,15-Dec,,2015-12-31,2,대형마트,350000,노원구
850354,112,애경백화점,23,상추,1봉지,2990,15-Dec,국내산적상추,2015-12-31,2,대형마트,530000,구로구
850370,129,태평백화점,23,상추,100g(적상추),1700,15-Dec,친환경상추100g2500원,2015-12-31,2,대형마트,590000,동작구
850384,153,이마트 명일점,25,무,1개(1.0kg),1500,15-Dec,제주무,2015-12-31,2,대형마트,740000,강동구
850386,153,이마트 명일점,23,상추,1봉지(200g),2580,15-Dec,에냉,2015-12-31,2,대형마트,740000,강동구
850387,153,이마트 명일점,22,오이,1개,990,15-Dec,2개1980원,2015-12-31,2,대형마트,740000,강동구
850482,56,롯데백화점,23,상추,1봉지(100g),1800,15-Dec,친환경푸룸적상추,2015-12-31,2,대형마트,140000,중구
850515,78,자양골목시장,22,오이,1개,1150,15-Dec,백오이,2015-12-30,1,전통시장,215000,광진구
850545,80,이마트 자양점,24,양파,1망,4980,15-Dec,무안,2015-12-30,2,대형마트,215000,광진구
850600,130,롯데백화점 영등포점,17,달걀,10개,4200,15-Dec,프레시안순맑은계란10구,2015-12-31,2,대형마트,560000,영등포구
850721,110,이마트 신도림점,23,상추,1봉지,2980,15-Dec,적상추,2015-12-31,2,대형마트,530000,구로구
850722,110,이마트 신도림점,22,오이,1개,1190,15-Dec,2개 2380원,2015-12-31,2,대형마트,530000,구로구
850912,205,둔촌역전통시장,23,상추,200g,2500,15-Dec,양주(200g),2015-12-31,1,전통시장,740000,강동구
850926,31,인왕시장,25,무,1개(1kg),1000,15-Dec,제주 ,2015-12-31,1,전통시장,410000,서대문구
850927,31,인왕시장,24,양파,1망(1.5kg),4000,15-Dec,무안,2015-12-31,1,전통시장,410000,서대문구
850933,31,인왕시장,18,닭고기,1마리(1kg),4500,15-Dec,신선육. 해마루 유통,2015-12-31,1,전통시장,410000,서대문구
850934,31,인왕시장,17,달걀,10개(65g),3000,15-Dec,으뜸 영양란,2015-12-31,1,전통시장,410000,서대문구
850942,33,현대백화점 신촌점,25,무,1개(1.2kg),1800,15-Dec,제주. 친환경 ,2015-12-31,2,대형마트,410000,서대문구
850943,33,현대백화점 신촌점,24,양파,1망(1.7kg),5500,15-Dec,무안. 문경미네. ,2015-12-31,2,대형마트,410000,서대문구
850944,33,현대백화점 신촌점,23,상추,1봉지(100g),1800,15-Dec,안성. 친환경,2015-12-31,2,대형마트,410000,서대문구
850945,33,현대백화점 신촌점,22,오이,1개(다다기오이),1200,15-Dec,경기 이천 ,2015-12-31,2,대형마트,410000,서대문구
850950,33,현대백화점 신촌점,17,달걀,10개,3200,15-Dec,신선 특란. 경기 이천,2015-12-31,2,대형마트,410000,서대문구
850974,32,영천시장,25,무,1개(1.5kg),1000,15-Dec,제주,2015-12-31,1,전통시장,410000,서대문구
850975,32,영천시장,24,양파,1망(1.3kg),3500,15-Dec,무안. ,2015-12-31,1,전통시장,410000,서대문구
850976,32,영천시장,23,상추,1봉지(100g),1000,15-Dec,이천,2015-12-31,1,전통시장,410000,서대문구
850981,32,영천시장,18,닭고기,1마리(1.13kg),6500,15-Dec,하림 신성토종닭(12호),2015-12-31,1,전통시장,410000,서대문구
850990,220,굿모닝마트 유진점,25,무,1개(1.6kg),1490,15-Dec,제주  ,2015-12-31,2,대형마트,410000,서대문구
850991,220,굿모닝마트 유진점,24,양파,1망(1.7kg),4490,15-Dec,무한. ,2015-12-31,2,대형마트,410000,서대문구
850997,220,굿모닝마트 유진점,18,닭고기,1마리 (1.05kg),9980,15-Dec,올품 토종닭.세일,2015-12-31,2,대형마트,410000,서대문구
850998,220,굿모닝마트 유진점,17,달걀,10개(60g),4500,15-Dec,풀무원 목초란,2015-12-31,2,대형마트,410000,서대문구
851071,2,신세계백화점,23,상추,1봉지(100g),1320,15-Dec,국내산프레쉬스타 (적상추150g1980원,2015-12-31,2,대형마트,140000,중구
851141,122,그랜드마트 신촌점,17,달걀,10개,2480,15-Dec,"국내, (신선 특란)",2015-12-31,2,대형마트,440000,마포구
851183,120,망원시장,23,상추,1봉(200g),2000,15-Dec,이천(적상추)1봉지,2015-12-31,1,전통시장,440000,마포구
851279,210,상계중앙시장,23,상추, (100g),1500,15-Dec,,2015-12-31,1,전통시장,350000,노원구
851281,210,상계중앙시장,17,달걀,10개,2000,15-Dec,일반,2015-12-31,1,전통시장,350000,노원구
851295,100,홈플러스 중계점,23,상추, (138g),2500,15-Dec,,2015-12-31,2,대형마트,350000,노원구
851311,96,공릉동 도깨비시장,23,상추, (100g),1700,15-Dec,,2015-12-31,1,전통시장,350000,노원구
851548,154,홈플러스 강동점,24,양파,1망(2kg),4200,15-Dec,무안,2015-12-31,2,대형마트,740000,강동구
851565,151,암사종합시장,23,상추,100g,1500,15-Dec,양주,2015-12-31,1,전통시장,740000,강동구
851868,127,남성시장,23,상추,100g(적상추),1500,15-Dec,청상추,2015-12-31,1,전통시장,590000,동작구
851917,108,남구로시장,22,오이,1개,600,15-Dec,국내산5개3000,2015-12-28,1,전통시장,530000,구로구
852091,42,이마트 가양점,23,상추,100g,1290,15-Dec,예냉 (한봉지:2580원),2015-12-31,2,대형마트,500000,강서구
852092,42,이마트 가양점,22,오이,1개,980,15-Dec,강원도(3개:2940원,2015-12-31,2,대형마트,500000,강서구
852106,40,홈플러스 등촌점,24,양파,1망(1.5kg),4200,15-Dec,무안,2015-12-31,2,대형마트,500000,강서구
852107,40,홈플러스 등촌점,23,상추,1봉지(100g),1475,15-Dec,남양주(한봉지 2950원)행사,2015-12-31,2,대형마트,500000,강서구
852152,27,이마트 창동점,25,무,1개(2.4kg),1180,15-Dec,제주도,2015-12-31,2,대형마트,320000,도봉구
852153,27,이마트 창동점,24,양파,1망(1.5kg),4000,15-Dec,무안,2015-12-31,2,대형마트,320000,도봉구
852168,28,홈플러스 방학점,25,무,1개(2.4kg),1160,15-Dec,제주도,2015-12-31,2,대형마트,320000,도봉구
852169,28,홈플러스 방학점,24,양파,1망(1.5kg),4200,15-Dec,무안,2015-12-31,2,대형마트,320000,도봉구
852185,26,신창시장,24,양파,1망(1.5kg),3800,15-Dec,무안,2015-12-31,1,전통시장,320000,도봉구
852202,45,롯데백화점 강남점,23,상추,180g,0,15-Dec,입고안됨,2015-12-31,2,대형마트,680000,강남구
852207,45,롯데백화점 강남점,18,닭고기,1마리(830g),7500,15-Dec,하림자연실록,2015-12-31,2,대형마트,680000,강남구
852208,45,롯데백화점 강남점,17,달걀,1마리20cm,3700,15-Dec,1등급란,2015-12-31,2,대형마트,680000,강남구
852216,216,도곡시장,25,무,1개,1400,15-Dec,국내산,2015-12-31,1,전통시장,680000,강남구
852217,216,도곡시장,24,양파,1망,4800,15-Dec,신토불이,2015-12-31,1,전통시장,680000,강남구
852233,44,이마트 역삼점,24,양파,1망(1.8kg),4780,15-Dec,국내산,2015-12-31,2,대형마트,680000,강남구
852239,44,이마트 역삼점,18,닭고기,1050g,8150,15-Dec,하림자연실록백숙9호,2015-12-31,2,대형마트,680000,강남구
852250,215,청담삼익시장,23,상추,100g,1590,15-Dec,신선쌈,2015-12-31,1,전통시장,680000,강남구
852255,215,청담삼익시장,18,닭고기,"1마리(1,450g)",6580,15-Dec,하림자연실록,2015-12-31,1,전통시장,680000,강남구
852265,20,영등포전통시장,24,양파,1망,3500,15-Dec,,2015-12-31,1,전통시장,560000,영등포구
852266,20,영등포전통시장,23,상추,1무더기,1000,15-Dec,,2015-12-31,1,전통시장,560000,영등포구
852281,21,홈플러스 영등포점,24,양파,1000g,4200,15-Dec, 좋은상품,2015-12-31,2,대형마트,560000,영등포구
852282,21,홈플러스 영등포점,23,상추,1봉,2950,15-Dec,,2015-12-31,2,대형마트,560000,영등포구
852288,21,홈플러스 영등포점,17,달걀,10개,2580,15-Dec,,2015-12-31,2,대형마트,560000,영등포구
852298,19,대림중앙시장,23,상추,1봉,800,15-Dec, ,2015-12-31,1,전통시장,560000,영등포구
852303,19,대림중앙시장,18,닭고기,1마리,6000,15-Dec,,2015-12-31,1,전통시장,560000,영등포구
852304,19,대림중앙시장,17,달걀,10개,2200,15-Dec,,2015-12-31,1,전통시장,560000,영등포구
852313,22,이마트 여의도점,23,상추,1봉,2480,15-Dec,200g,2015-12-31,2,대형마트,560000,영등포구
852314,22,이마트 여의도점,25,무,1개 ,1180,15-Dec,,2015-12-31,2,대형마트,560000,영등포구
852319,22,이마트 여의도점,18,닭고기,1마리,5500,15-Dec,하림 1kg,2015-12-31,2,대형마트,560000,영등포구
852336,199,서울중앙시장,17,달걀,10개,2500,15-Dec,국내,2015-12-31,1,전통시장,140000,중구
852340,199,서울중앙시장,13,고등어,1마리,2500,15-Dec,국내,2015-12-31,1,전통시장,140000,중구
852352,8,롯데마트 서울역점,17,달걀,10개,2580,15-Dec,국내 ,2015-12-31,2,대형마트,140000,중구
852368,60,이마트 청계점,17,달걀,10개,2580,15-Dec,국내 ,2015-12-31,2,대형마트,140000,중구
852384,11,남대문시장,17,달걀,10개,2400,15-Dec,국내 ,2015-12-31,1,전통시장,140000,중구
852400,136,세이브 마트,17,달걀,10개,3300,15-Dec,신선특란 10구,2015-12-31,2,대형마트,620000,관악구
852416,133,원당종합시장,17,달걀,10개,2500,15-Dec,영양란10구,2015-12-31,1,전통시장,620000,관악구
852432,135,롯데백화점 관악점,17,달걀,10개,3280,15-Dec,오성신선란10구,2015-12-31,2,대형마트,620000,관악구
852447,134,신원시장(신림1동),18,닭고기,1마리(1kg),7000,15-Dec,하림,2015-12-31,1,전통시장,620000,관악구
852448,134,신원시장(신림1동),17,달걀,10개,2000,15-Dec,영양란10구,2015-12-31,1,전통시장,620000,관악구
852456,51,2001아울렛 불광점,25,무,1개,1290,15-Dec,햇무(할인가),2015-12-31,2,대형마트,380000,은평구
852458,51,2001아울렛 불광점,23,상추,100g,1980,15-Dec,여주,2015-12-31,2,대형마트,380000,은평구
852463,51,2001아울렛 불광점,18,닭고기,1마리(1000g),5990,15-Dec,올품,2015-12-31,2,대형마트,380000,은평구
852473,219,대조시장,24,양파,1망(1.5kg),4000,15-Dec,국산,2015-12-31,1,전통시장,380000,은평구
852490,53,이마트 은평점,23,상추,(100g),1290,15-Dec,예냉,2015-12-31,2,대형마트,380000,은평구
852495,53,이마트 은평점,18,닭고기,1마리(1000g),5500,15-Dec,올품,2015-12-31,2,대형마트,380000,은평구
852505,49,대림시장,24,양파,1망(1.5kg),3000,15-Dec,국산,2015-12-31,1,전통시장,380000,은평구
852527,68,롯데백화점 미아점,18,닭고기,1마리,9000,15-Dec,"하림,토종닭",2015-12-31,2,대형마트,305000,강북구
852552,66,수유재래시장,25,무,1개(1.4kg),1000,15-Dec,제주,2015-12-31,1,전통시장,305000,강북구
852553,66,수유재래시장,24,양파,1망,3000,15-Dec,무안,2015-12-31,1,전통시장,305000,강북구
852564,66,수유재래시장,18,닭고기,1kg,6000,15-Dec,,2015-12-31,1,전통시장,305000,강북구
852568,221,숭인시장,25,무,1개(1.4kg),1000,15-Dec,제주,2015-12-31,1,전통시장,305000,강북구
852569,221,숭인시장,24,양파,1망(1.5kg),2000,15-Dec,무안,2015-12-31,1,전통시장,305000,강북구
852570,221,숭인시장,23,상추,100g,500,15-Dec,1근 2000원,2015-12-31,1,전통시장,305000,강북구
852571,221,숭인시장,22,오이,1개,500,15-Dec,4개 2000원,2015-12-31,1,전통시장,305000,강북구
852579,221,숭인시장,18,닭고기,1마리 ,6000,15-Dec,마니커,2015-12-31,1,전통시장,305000,강북구
852584,73,뚝도시장,25,무,2kg,1000,15-Dec,,2015-12-31,1,전통시장,200000,성동구
852587,73,뚝도시장,22,오이,1개,500,15-Dec,2개1000원,2015-12-31,1,전통시장,200000,성동구
852591,73,뚝도시장,18,닭고기,1마리,4500,15-Dec,1kg,2015-12-31,1,전통시장,200000,성동구
852600,145,마천중앙시장,25,무,1개(1kg),2500,15-Dec, ,2015-12-31,1,전통시장,710000,송파구
852616,75,이마트 성수점,25,무,2kg,1180,15-Dec,제주,2015-12-31,2,대형마트,200000,성동구
852618,75,이마트 성수점,22,오이,1개,1050,15-Dec,백오이3개3150원,2015-12-31,2,대형마트,200000,성동구
852623,75,이마트 성수점,18,닭고기,1마리,5500,15-Dec,하림닭1000g,2015-12-31,2,대형마트,200000,성동구
852632,148,홈플러스 잠실점,25,무,1개(1kg),1330,15-Dec, 1kg,2015-12-31,2,대형마트,710000,송파구
852648,146,방이시장,25,무,1개(1kg),2500,15-Dec, ,2015-12-31,1,전통시장,710000,송파구
852664,72,금남시장,25,무,1개(2kg),800,15-Dec,1.5kg 국내산,2015-12-31,1,전통시장,200000,성동구
852671,72,금남시장,18,닭고기,1마리,5500,15-Dec,1kg국내산,2015-12-31,1,전통시장,200000,성동구
852672,72,금남시장,17,달걀,10개,1833,15-Dec,30개 5500원,2015-12-31,1,전통시장,200000,성동구
852695,74,이마트 왕십리점,25,무,1개,1180,15-Dec,1.5국내산 제주,2015-12-31,2,대형마트,200000,성동구
852697,74,이마트 왕십리점,23,상추,100g,2480,15-Dec,1봉 예냉적상추 이천,2015-12-31,2,대형마트,200000,성동구
852702,74,이마트 왕십리점,18,닭고기,1마리(1.kg이상),5500,15-Dec,국내산 백숙용하림,2015-12-31,2,대형마트,200000,성동구
852711,147,롯데백화점 잠실점,25,무,1개(1kg),1750,15-Dec, 2kg 3500원,2015-12-31,2,대형마트,710000,송파구
852760,6,이마트 용산점,23,상추,100g,2480,15-Dec,한봉,2015-12-31,2,대형마트,170000,용산구
852776,10,용문시장,23,상추,100g),1500,15-Dec,,2015-12-31,1,전통시장,170000,용산구
852792,63,농협 하나로마트 용산점,23,상추,100g),1480,15-Dec,,2015-12-31,2,대형마트,170000,용산구
852807,218,신세계백화점 강남점,24,양파,"1망 1,2kg",3500,15-Dec,"1망( 5입), ",2015-12-31,2,대형마트,650000,서초구
852808,218,신세계백화점 강남점,23,상추,100g,1800,15-Dec,"적상추(친환경), 전북 완주",2015-12-31,2,대형마트,650000,서초구
852809,218,신세계백화점 강남점,22,오이,1개 ,2900,15-Dec,"1봉 2입 5800원,백오이",2015-12-31,2,대형마트,650000,서초구
852824,140,하나로클럽 양재점,23,상추,100g,1490,15-Dec,180g 2680원 뜨라네,2015-12-31,2,대형마트,650000,서초구
852825,140,하나로클럽 양재점,22,오이,1개,740,15-Dec,5입 3680원  백오이,2015-12-31,2,대형마트,650000,서초구
852840,217,방림시장,23,상추,100g,2500,15-Dec,,2015-12-31,1,전통시장,650000,서초구
852846,217,방림시장,17,달걀,10개 ,1800,15-Dec,,2015-12-31,1,전통시장,650000,서초구
852856,200,뉴코아아울렛 강남점,23,상추,1 봉지( 100g),1590,15-Dec,친환경,2015-12-31,2,대형마트,650000,서초구
852871,88,롯데백화점 청량리점,24,양파,한망(5개입),6500,15-Dec,국내산 ,2015-12-31,2,대형마트,230000,동대문구
852872,88,롯데백화점 청량리점,23,상추,1봉지,3500,15-Dec,국산 적상추,2015-12-31,2,대형마트,230000,동대문구
852878,88,롯데백화점 청량리점,17,달걀,10개,3800,15-Dec,목초란 대 ,2015-12-31,2,대형마트,230000,동대문구
852886,84,청량리종합시장,25,무,1개,1000,15-Dec,국내산,2015-12-31,1,전통시장,230000,동대문구
852887,84,청량리종합시장,24,양파,1kg,4000,15-Dec,국내산,2015-12-31,1,전통시장,230000,동대문구
852888,84,청량리종합시장,23,상추,100g,1250,15-Dec,1근5000원,2015-12-31,1,전통시장,230000,동대문구
852894,84,청량리종합시장,17,달걀,10개,1600,15-Dec,국내산,2015-12-31,1,전통시장,230000,동대문구
852903,85,경동시장,24,양파,1망(1.7kg),4000,15-Dec,무안,2015-12-31,1,전통시장,230000,동대문구
852910,85,경동시장,17,달걀,10개,1600,15-Dec,국내산 ,2015-12-31,1,전통시장,230000,동대문구
852919,86,홈플러스 동대문점,23,상추,1봉지,2950,15-Dec,국내산 ,2015-12-31,2,대형마트,230000,동대문구
852925,86,홈플러스 동대문점,17,달걀,10개,4130,15-Dec,풀무원  대 ,2015-12-31,2,대형마트,230000,동대문구
852935,15,이마트 미아점,23,상추,100g,1240,15-Dec,예냉적상추.봉지 200g  2580원              예냉적상추200g1봉지 1980원,2015-12-31,2,대형마트,290000,성북구
852936,15,이마트 미아점,22,오이,1개,980,15-Dec,.,2015-12-31,2,대형마트,290000,성북구
852950,14,장위골목시장,23,상추,100g,1000,15-Dec,,2015-12-31,1,전통시장,290000,성북구
852967,13,돈암제일시장,22,오이,1개,600,15-Dec,,2015-12-31,1,전통시장,290000,성북구
852982,16,현대백화점 미아점,23,상추,100g,2200,15-Dec,국내 .찹찹이,2015-12-31,2,대형마트,290000,성북구
852988,16,현대백화점 미아점,17,달걀,10개,4500,15-Dec,"국내,풀무원,목초란",2015-12-31,2,대형마트,290000,성북구
853015,105,행복한세상 목동점(하나로마트),22,오이,1개,1000,15-Dec,"안성(2980원)백오이,(취청오이2개980)",2015-12-31,2,대형마트,470000,양천구
853019,105,행복한세상 목동점(하나로마트),18,닭고기,1마리,3730,15-Dec,850g 목윷촌세일가,2015-12-31,2,대형마트,470000,양천구
853020,105,행복한세상 목동점(하나로마트),17,달걀,10개,3200,15-Dec,농협안심1듬급륵란,2015-12-31,2,대형마트,470000,양천구
853031,102,목3동시장,22,오이,1개,1000,15-Dec,작은것,2015-12-31,1,전통시장,470000,양천구
853036,102,목3동시장,17,달걀,10개,2500,15-Dec,"신선란,특란",2015-12-31,1,전통시장,470000,양천구
853052,103,신영시장,17,달걀,10개,2700,15-Dec,참생생란,2015-12-31,1,전통시장,470000,양천구
838732,145,마천중앙시장,25,무,1개(1kg),2500,15-Nov, ,2015-11-23,1,전통시장,710000,송파구
839322,146,방이시장,25,무,1개(1kg),2500,15-Nov, ,2015-11-23,1,전통시장,710000,송파구
839673,51,2001아울렛 불광점,25,무,1개,1290,15-Nov,햇무,2015-11-30,2,대형마트,380000,은평구
839675,51,2001아울렛 불광점,23,상추,100g,1690,15-Nov,여주,2015-11-30,2,대형마트,380000,은평구
839680,51,2001아울렛 불광점,18,닭고기,1마리(1000g),5990,15-Nov,초원전설,2015-11-30,2,대형마트,380000,은평구
839707,112,애경백화점,23,상추,1봉지,1690,15-Nov,국내산적상추,2015-11-30,2,대형마트,530000,구로구
839723,129,태평백화점,23,상추,100g(적상추),1700,15-Nov,친환경상추100g2500원,2015-11-30,2,대형마트,590000,동작구
839737,153,이마트 명일점,25,무,1개(1.0kg),700,15-Nov,고냉지,2015-11-30,2,대형마트,740000,강동구
839739,153,이마트 명일점,23,상추,1봉지(200g),1580,15-Nov,에냉,2015-11-30,2,대형마트,740000,강동구
839740,153,이마트 명일점,22,오이,1개,950,15-Nov,4개3800원,2015-11-30,2,대형마트,740000,강동구
839793,11,남대문시장,17,달걀,10개,2500,15-Nov,국내 ,2015-11-30,1,전통시장,140000,중구
839801,27,이마트 창동점,25,무,1개(2.2kg),1250,15-Nov,제주도,2015-11-30,2,대형마트,320000,도봉구
839802,27,이마트 창동점,24,양파,1망(1.5kg),3740,15-Nov,무안,2015-11-30,2,대형마트,320000,도봉구
839819,45,롯데백화점 강남점,23,상추,180g,2580,15-Nov,뜨라네적상추,2015-11-29,2,대형마트,680000,강남구
839824,45,롯데백화점 강남점,18,닭고기,"1마리(1,050g)",11500,15-Nov,하림자연실록,2015-11-29,2,대형마트,680000,강남구
839825,45,롯데백화점 강남점,17,달걀,1마리20cm,3700,15-Nov,1등급란,2015-11-29,2,대형마트,680000,강남구
839833,216,도곡시장,25,무,1개,1980,15-Nov,국내산,2015-11-29,1,전통시장,680000,강남구
839834,216,도곡시장,24,양파,1망,4800,15-Nov,신토불이,2015-11-29,1,전통시장,680000,강남구
839883,56,롯데백화점,23,상추,1봉지(100g),1800,15-Nov,친환경푸룸적상추,2015-11-30,2,대형마트,140000,중구
839898,218,신세계백화점 강남점,24,양파,"1망 1,2kg",3500,15-Nov,1망( 5입),2015-11-30,2,대형마트,650000,서초구
839899,218,신세계백화점 강남점,23,상추,100g,1800,15-Nov,"적상추(친환경), 전북 완주",2015-11-30,2,대형마트,650000,서초구
839900,218,신세계백화점 강남점,22,오이,1개 ,1800,15-Nov,"1봉 2입 3600원,백오이",2015-11-30,2,대형마트,650000,서초구
839913,73,뚝도시장,25,무,1kg,1000,15-Nov,,2015-11-30,1,전통시장,200000,성동구
839916,73,뚝도시장,22,오이,1개,500,15-Nov,2개1000원,2015-11-30,1,전통시장,200000,성동구
839920,73,뚝도시장,18,닭고기,1마리,4500,15-Nov,1kg,2015-11-30,1,전통시장,200000,성동구
839932,78,자양골목시장,22,오이,1개,1400,15-Nov,백오이,2015-11-30,1,전통시장,215000,광진구
839946,80,이마트 자양점,24,양파,1망,4580,15-Nov,무안,2015-11-30,2,대형마트,215000,광진구
839962,88,롯데백화점 청량리점,24,양파,한망(5개입),4600,15-Nov,국내산 ,2015-11-30,2,대형마트,230000,동대문구
839963,88,롯데백화점 청량리점,23,상추,1봉지,2000,15-Nov,국산 적상추,2015-11-30,2,대형마트,230000,동대문구
839969,88,롯데백화점 청량리점,17,달걀,10개,3800,15-Nov,목초란 대 ,2015-11-30,2,대형마트,230000,동대문구
840010,110,이마트 신도림점,24,양파,1망,4480,15-Nov,1.8kg,2015-11-30,2,대형마트,530000,구로구
840011,110,이마트 신도림점,23,상추,1봉지,1580,15-Nov,,2015-11-30,2,대형마트,530000,구로구
840012,110,이마트 신도림점,22,오이,1개,900,15-Nov,5개 3580원,2015-11-30,2,대형마트,530000,구로구
840017,110,이마트 신도림점,17,달걀,10개,2600,15-Nov,난이생생,2015-11-30,2,대형마트,530000,구로구
840027,15,이마트 미아점,23,상추,100g,790,15-Nov,예냉적상추.봉지 200g  2580원              예냉적상추200g1봉지 1980원,2015-11-30,2,대형마트,290000,성북구
840028,15,이마트 미아점,22,오이,1개,1250,15-Nov,.,2015-11-30,2,대형마트,290000,성북구
840043,19,대림중앙시장,23,상추,1봉,600,15-Nov, ,2015-11-30,1,전통시장,560000,영등포구
840048,19,대림중앙시장,18,닭고기,1마리,5500,15-Nov,,2015-11-30,1,전통시장,560000,영등포구
840049,19,대림중앙시장,17,달걀,10개,2000,15-Nov,,2015-11-30,1,전통시장,560000,영등포구
840058,219,대조시장,24,양파,1망(1.5kg),4000,15-Nov,양파,2015-11-30,1,전통시장,380000,은평구
840073,74,이마트 왕십리점,25,무,1개,1250,15-Nov,1.5국내산 제주,2015-11-30,2,대형마트,200000,성동구
840075,74,이마트 왕십리점,23,상추,100g,1580,15-Nov,1봉 예냉적상추 이천,2015-11-30,2,대형마트,200000,성동구
840080,74,이마트 왕십리점,18,닭고기,1마리(1.kg이상),4550,15-Nov,국내산 백숙용하림,2015-11-30,2,대형마트,200000,성동구
840106,20,영등포전통시장,24,양파,1망,3500,15-Nov,,2015-11-30,1,전통시장,560000,영등포구
840107,20,영등포전통시장,23,상추,1무더기,700,15-Nov,,2015-11-30,1,전통시장,560000,영등포구
840122,21,홈플러스 영등포점,24,양파,1000g,3800,15-Nov, 좋은상품,2015-11-30,2,대형마트,560000,영등포구
840123,21,홈플러스 영등포점,23,상추,1봉,1500,15-Nov,,2015-11-30,2,대형마트,560000,영등포구
840129,21,홈플러스 영등포점,17,달걀,10개,2800,15-Nov,,2015-11-30,2,대형마트,560000,영등포구
840139,205,둔촌역전통시장,23,상추,200g,2000,15-Nov,양주(200g),2015-11-30,1,전통시장,740000,강동구
840169,31,인왕시장,25,무,1개(1kg),1000,15-Nov,제주 ,2015-11-30,1,전통시장,410000,서대문구
840170,31,인왕시장,24,양파,1망(1.5kg),3000,15-Nov,무안,2015-11-30,1,전통시장,410000,서대문구
840176,31,인왕시장,18,닭고기,1마리(1kg),4000,15-Nov,신선육. 해마루 유통,2015-11-30,1,전통시장,410000,서대문구
840177,31,인왕시장,17,달걀,10개(65g),3000,15-Nov,으뜸 영양란,2015-11-30,1,전통시장,410000,서대문구
840186,49,대림시장,24,양파,1망(1.5kg),3000,15-Nov,국산,2015-11-30,1,전통시장,380000,은평구
840209,60,이마트 청계점,17,달걀,10개,2580,15-Nov,국내 ,2015-11-30,2,대형마트,140000,중구
840225,122,그랜드마트 신촌점,17,달걀,10개,2480,15-Nov,"국내, (신선 특란)",2015-11-30,2,대형마트,440000,마포구
840241,130,롯데백화점 영등포점,17,달걀,10개,4200,15-Nov,프레시안순맑은계란10구,2015-11-30,2,대형마트,560000,영등포구
840257,133,원당종합시장,17,달걀,10개,2500,15-Nov,영양란10구,2015-11-30,1,전통시장,620000,관악구
840265,147,롯데백화점 잠실점,25,무,1개(1kg),1750,15-Nov, 2kg 3500원,2015-11-30,2,대형마트,710000,송파구
840313,2,신세계백화점,23,상추,1봉지(100g),1320,15-Nov,국내산프레쉬스타 (적상추150g1980원,2015-11-30,2,대형마트,140000,중구
840335,199,서울중앙시장,17,달걀,10개,2500,15-Nov,국내,2015-11-30,1,전통시장,140000,중구
840339,199,서울중앙시장,13,고등어,1마리,2600,15-Nov,국내,2015-11-30,1,전통시장,140000,중구
840345,6,이마트 용산점,23,상추,100g,790,15-Nov,1봉지 180g1580예냉적상추,2015-11-30,2,대형마트,170000,용산구
840367,8,롯데마트 서울역점,17,달걀,10개,2700,15-Nov,국내 ,2015-11-30,2,대형마트,140000,중구
840377,10,용문시장,23,상추,100g),650,15-Nov,,2015-11-30,1,전통시장,170000,용산구
840407,33,현대백화점 신촌점,25,무,1개(1.7kg),1800,15-Nov,제주. 친환경,2015-11-30,2,대형마트,410000,서대문구
840408,33,현대백화점 신촌점,24,양파,1망(1.9kg),5500,15-Nov,무안. 문경미네. ,2015-11-30,2,대형마트,410000,서대문구
840409,33,현대백화점 신촌점,23,상추,1봉지(100g),1800,15-Nov,안성. 친환경,2015-11-30,2,대형마트,410000,서대문구
840410,33,현대백화점 신촌점,22,오이,1개(다다기오이),900,15-Nov,경기 이천 ,2015-11-30,2,대형마트,410000,서대문구
840415,33,현대백화점 신촌점,17,달걀,10개,3500,15-Nov,텃골 1등란,2015-11-30,2,대형마트,410000,서대문구
840441,53,이마트 은평점,23,상추,(100g),940,15-Nov,논산양촌,2015-11-30,2,대형마트,380000,은평구
840446,53,이마트 은평점,18,닭고기,1마리(1000g),4980,15-Nov,올품,2015-11-30,2,대형마트,380000,은평구
840473,63,농협 하나로마트 용산점,23,상추,100g),1267,15-Nov,뜨라네 프레미엄,2015-11-30,2,대형마트,170000,용산구
840487,66,수유재래시장,25,무,1개(1.4kg),1000,15-Nov,제주,2015-11-30,1,전통시장,305000,강북구
840488,66,수유재래시장,24,양파,1망,3000,15-Nov,무안,2015-11-30,1,전통시장,305000,강북구
840499,66,수유재래시장,18,닭고기,1kg,6000,15-Nov,,2015-11-30,1,전통시장,305000,강북구
840503,75,이마트 성수점,25,무,2kg,1250,15-Nov,,2015-11-30,2,대형마트,200000,성동구
840505,75,이마트 성수점,22,오이,1개,1100,15-Nov,백오이4개4400원,2015-11-30,2,대형마트,200000,성동구
840509,75,이마트 성수점,18,닭고기,1마리,4550,15-Nov,하림닭1000g행사,2015-11-30,2,대형마트,200000,성동구
840549,84,청량리종합시장,25,무,1개,2500,15-Nov,국내산,2015-11-30,1,전통시장,230000,동대문구
840550,84,청량리종합시장,24,양파,1kg,3800,15-Nov,국내산,2015-11-30,1,전통시장,230000,동대문구
840551,84,청량리종합시장,23,상추,100g,750,15-Nov,1근3000원,2015-11-30,1,전통시장,230000,동대문구
840557,84,청량리종합시장,17,달걀,10개,1800,15-Nov,국내산,2015-11-30,1,전통시장,230000,동대문구
840566,85,경동시장,24,양파,1망(1.7kg),4000,15-Nov,무안,2015-11-30,1,전통시장,230000,동대문구
840573,85,경동시장,17,달걀,10개,1700,15-Nov,국내산 ,2015-11-30,1,전통시장,230000,동대문구
840668,135,롯데백화점 관악점,17,달걀,10개,3280,15-Nov,오성신선란10구,2015-11-30,2,대형마트,620000,관악구
840679,105,행복한세상 목동점(하나로마트),22,오이,1개,1600,15-Nov,"안성(3개3700원)백오이,(취청오이2개980)",2015-11-29,2,대형마트,470000,양천구
840683,105,행복한세상 목동점(하나로마트),18,닭고기,1마리,4220,15-Nov,850g,2015-11-29,2,대형마트,470000,양천구
840684,105,행복한세상 목동점(하나로마트),17,달걀,10개,3140,15-Nov,농협안심1듬급륵란,2015-11-29,2,대형마트,470000,양천구
840694,140,하나로클럽 양재점,23,상추,100g,1480,15-Nov,180g 2180원 뜨라네,2015-11-30,2,대형마트,650000,서초구
840695,140,하나로클럽 양재점,22,오이,1개,1520,15-Nov,5입 7580원  백오이,2015-11-30,2,대형마트,650000,서초구
840710,151,암사종합시장,23,상추,100g,950,15-Nov,양주,2015-11-30,1,전통시장,740000,강동구
840740,221,숭인시장,25,무,1개(1.4kg),1000,15-Nov,제주,2015-11-30,1,전통시장,305000,강북구
840741,221,숭인시장,24,양파,1망(1.5kg),2000,15-Nov,무안,2015-11-30,1,전통시장,305000,강북구
840742,221,숭인시장,23,상추,100g,500,15-Nov,1근 2000원,2015-11-30,1,전통시장,305000,강북구
840743,221,숭인시장,22,오이,1개,400,15-Nov,5개 2000원,2015-11-30,1,전통시장,305000,강북구
840751,221,숭인시장,18,닭고기,1마리 ,6000,15-Nov,마니커,2015-11-30,1,전통시장,305000,강북구
840756,220,굿모닝마트 유진점,25,무,1개(1.6kg),790,15-Nov,제주  세일,2015-11-30,2,대형마트,410000,서대문구
840757,220,굿모닝마트 유진점,24,양파,1망(1.7kg),3290,15-Nov,무한,2015-11-30,2,대형마트,410000,서대문구
840763,220,굿모닝마트 유진점,18,닭고기,1마리 (1.05kg),8980,15-Nov,하림 참진토종닭.행사가,2015-11-30,2,대형마트,410000,서대문구
840764,220,굿모닝마트 유진점,17,달걀,10개(60g),4500,15-Nov,초이스 L 유정란,2015-11-30,2,대형마트,410000,서대문구
840775,108,남구로시장,22,오이,1개,800,15-Nov,국내산3개2000,2015-11-30,1,전통시장,530000,구로구
840790,14,장위골목시장,23,상추,100g,580,15-Nov,,2015-11-30,1,전통시장,290000,성북구
840807,13,돈암제일시장,22,오이,1개,750,15-Nov,,2015-11-30,1,전통시장,290000,성북구
840853,44,이마트 역삼점,24,양파,1망(1.8kg),4480,15-Nov,국내산,2015-11-29,2,대형마트,680000,강남구
840859,44,이마트 역삼점,18,닭고기,1050g,68602,15-Nov,하림통종닭백숙,2015-11-29,2,대형마트,680000,강남구
840870,215,청담삼익시장,23,상추,100g,990,15-Nov,신선쌈,2015-11-29,1,전통시장,680000,강남구
840875,215,청담삼익시장,18,닭고기,"1마리(1,050g)",6980,15-Nov,하림자연실록,2015-11-29,1,전통시장,680000,강남구
840902,127,남성시장,23,상추,100g(적상추),800,15-Nov,청상추,2015-11-30,1,전통시장,590000,동작구
840919,102,목3동시장,22,오이,1개,750,15-Nov,,2015-11-29,1,전통시장,470000,양천구
840924,102,목3동시장,17,달걀,10개,2500,15-Nov,"신선란,특란",2015-11-29,1,전통시장,470000,양천구
840932,32,영천시장,25,무,1개(1.5kg),1000,15-Nov,제주,2015-11-30,1,전통시장,410000,서대문구
840933,32,영천시장,24,양파,1망(1.3kg),3500,15-Nov,무안. ,2015-11-30,1,전통시장,410000,서대문구
840934,32,영천시장,23,상추,1봉지(100g),700,15-Nov,양주,2015-11-30,1,전통시장,410000,서대문구
840939,32,영천시장,18,닭고기,1마리(1.13kg),6500,15-Nov,하림 신성토종닭(12호),2015-11-30,1,전통시장,410000,서대문구
840965,154,홈플러스 강동점,24,양파,1망(1.5kg),2980,15-Nov,무안,2015-11-30,2,대형마트,740000,강동구
840996,28,홈플러스 방학점,25,무,1개(.22kg),1330,15-Nov,제주도,2015-11-30,2,대형마트,320000,도봉구
840997,28,홈플러스 방학점,24,양파,1망(1.5kg),3800,15-Nov,무안,2015-11-30,2,대형마트,320000,도봉구
841013,26,신창시장,24,양파,1망(1.5kg),3500,15-Nov,무안,2015-11-30,1,전통시장,320000,도봉구
841030,16,현대백화점 미아점,23,상추,100g,1200,15-Nov,국내 .찹찹이,2015-11-30,2,대형마트,290000,성북구
841036,16,현대백화점 미아점,17,달걀,10개,4500,15-Nov,"국내,풀무원,목초란",2015-11-30,2,대형마트,290000,성북구
841062,120,망원시장,23,상추,1봉(200g),2000,15-Nov,이천(적상추)1봉지,2015-11-30,1,전통시장,440000,마포구
841076,148,홈플러스 잠실점,25,무,1개(1kg),1330,15-Nov, 1kg,2015-11-30,2,대형마트,710000,송파구
841092,72,금남시장,25,무,1개(2kg),800,15-Nov,1.5kg 국내산,2015-11-30,1,전통시장,200000,성동구
841099,72,금남시장,18,닭고기,1마리,5500,15-Nov,1kg국내산,2015-11-30,1,전통시장,200000,성동구
841100,72,금남시장,17,달걀,10개,1833,15-Nov,30개 5500원,2015-11-30,1,전통시장,200000,성동구
841125,86,홈플러스 동대문점,23,상추,1봉지,1760,15-Nov,국내산 청상추,2015-11-30,2,대형마트,230000,동대문구
841131,86,홈플러스 동대문점,17,달걀,10개,4130,15-Nov,풀무원  대 ,2015-11-30,2,대형마트,230000,동대문구
841140,22,이마트 여의도점,23,상추,1봉,1450,15-Nov,200g,2015-11-30,2,대형마트,560000,영등포구
841141,22,이마트 여의도점,25,무,1개 ,1250,15-Nov,,2015-11-30,2,대형마트,560000,영등포구
841146,22,이마트 여의도점,18,닭고기,1마리,6500,15-Nov,하림 1kg,2015-11-30,2,대형마트,560000,영등포구
841157,217,방림시장,23,상추,100g,1500,15-Nov,,2015-11-30,1,전통시장,650000,서초구
841163,217,방림시장,17,달걀,10개 ,1800,15-Nov,,2015-11-30,1,전통시장,650000,서초구
841173,200,뉴코아아울렛 강남점,23,상추,1 봉지( 100g),1490,15-Nov,친환경,2015-11-30,2,대형마트,650000,서초구
841194,134,신원시장(신림1동),18,닭고기,1마리(1kg),7000,15-Nov,하림,2015-11-30,1,전통시장,620000,관악구
841242,103,신영시장,17,달걀,10개,2700,15-Nov,참생생란,2015-11-29,1,전통시장,470000,양천구
841257,68,롯데백화점 미아점,18,닭고기,1마리,8000,15-Nov,"하림,토종닭,세일",2015-11-30,2,대형마트,305000,강북구
841331,98,롯데백화점 노원점,23,상추,(100g),1980,15-Nov,,2015-11-30,2,대형마트,350000,노원구
842798,42,이마트 가양점,23,상추,100g,890,15-Nov,예냉 (한봉지1780원),2015-11-30,2,대형마트,500000,강서구
842799,42,이마트 가양점,22,오이,1개,660,15-Nov,강원도5개3300원,2015-11-30,2,대형마트,500000,강서구
842813,40,홈플러스 등촌점,24,양파,1망(1.8kg),3800,15-Nov,무안,2015-11-30,2,대형마트,500000,강서구
842814,40,홈플러스 등촌점,23,상추,1봉지(100g),890,15-Nov,남양주(한봉지 1780원)행사,2015-11-30,2,대형마트,500000,강서구
842845,210,상계중앙시장,23,상추, (100g),700,15-Nov,,2015-11-30,1,전통시장,350000,노원구
842847,210,상계중앙시장,17,달걀,10개,2000,15-Nov,일반,2015-11-30,1,전통시장,350000,노원구
842861,100,홈플러스 중계점,23,상추, (138g),1750,15-Nov,,2015-11-30,2,대형마트,350000,노원구
842877,96,공릉동 도깨비시장,23,상추, (100g),500,15-Nov,,2015-11-30,1,전통시장,350000,노원구
826993,108,남구로시장,22,오이,1개,400,15-Oct,국내산,2015-10-26,1,전통시장,530000,구로구
827388,218,신세계백화점 강남점,24,양파,"1망 1,2kg",3500,15-Oct,1망( 5입),2015-10-26,2,대형마트,650000,서초구
827389,218,신세계백화점 강남점,23,상추,100g,1800,15-Oct,"적상추(친환경), 전북 완주",2015-10-26,2,대형마트,650000,서초구
827390,218,신세계백화점 강남점,22,오이,1개 ,1800,15-Oct,"1봉 2입 3600원,백오이",2015-10-26,2,대형마트,650000,서초구
827970,60,이마트 청계점,17,달걀,10개,2700,15-Oct,국내 ,2015-10-29,2,대형마트,140000,중구
827986,8,롯데마트 서울역점,17,달걀,10개,2700,15-Oct,국내 ,2015-10-29,2,대형마트,140000,중구
828002,199,서울중앙시장,17,달걀,10개,2600,15-Oct,국내,2015-10-29,1,전통시장,140000,중구
828006,199,서울중앙시장,13,고등어,1마리,2800,15-Oct,국내,2015-10-29,1,전통시장,140000,중구
828018,11,남대문시장,17,달걀,10개,2700,15-Oct,국내 ,2015-10-29,1,전통시장,140000,중구
828028,200,뉴코아아울렛 강남점,23,상추,1 봉지( 100g),1490,15-Oct,친환경,2015-10-29,2,대형마트,650000,서초구
828044,217,방림시장,23,상추,100g,1000,15-Oct,,2015-10-29,1,전통시장,650000,서초구
828050,217,방림시장,17,달걀,10개 ,1800,15-Oct,,2015-10-29,1,전통시장,650000,서초구
828060,140,하나로클럽 양재점,23,상추,100g,820,15-Oct,180g 1480원 뜨라네,2015-10-29,2,대형마트,650000,서초구
828061,140,하나로클럽 양재점,22,오이,1개,340,15-Oct,5입 1680원  백오이,2015-10-29,2,대형마트,650000,서초구
828076,151,암사종합시장,23,상추,100g,675,15-Oct,양주,2015-10-29,1,전통시장,740000,강동구
828090,153,이마트 명일점,25,무,1개(1.0kg),1500,15-Oct,고냉지,2015-10-29,2,대형마트,740000,강동구
828092,153,이마트 명일점,23,상추,1봉지(200g),1580,15-Oct,에냉,2015-10-29,2,대형마트,740000,강동구
828093,153,이마트 명일점,22,오이,1개,390,15-Oct,10개3900원,2015-10-29,2,대형마트,740000,강동구
828108,205,둔촌역전통시장,23,상추,200g,1500,15-Oct,양주(200g),2015-10-29,1,전통시장,740000,강동구
828123,154,홈플러스 강동점,24,양파,1망(1.5kg),3460,15-Oct,무안,2015-10-29,2,대형마트,740000,강동구
828139,20,영등포전통시장,24,양파,1망,3500,15-Oct,,2015-10-29,1,전통시장,560000,영등포구
828140,20,영등포전통시장,23,상추,1무더기,600,15-Oct,,2015-10-29,1,전통시장,560000,영등포구
828155,22,이마트 여의도점,23,상추,1봉,1480,15-Oct,예냉적상추,2015-10-29,2,대형마트,560000,영등포구
828156,22,이마트 여의도점,25,무,1개 ,1180,15-Oct,햇무 ,2015-10-29,2,대형마트,560000,영등포구
828161,22,이마트 여의도점,18,닭고기,1마리,5800,15-Oct,하림 1kg,2015-10-29,2,대형마트,560000,영등포구
828171,21,홈플러스 영등포점,24,양파,1000g,3460,15-Oct, 좋은상품,2015-10-29,2,대형마트,560000,영등포구
828172,21,홈플러스 영등포점,23,상추,1봉,1500,15-Oct,,2015-10-29,2,대형마트,560000,영등포구
828178,21,홈플러스 영등포점,17,달걀,10개,3000,15-Oct,,2015-10-29,2,대형마트,560000,영등포구
828188,19,대림중앙시장,23,상추,1봉,500,15-Oct, ,2015-10-29,1,전통시장,560000,영등포구
828193,19,대림중앙시장,18,닭고기,1마리,6000,15-Oct,,2015-10-29,1,전통시장,560000,영등포구
828194,19,대림중앙시장,17,달걀,10개,2100,15-Oct,,2015-10-29,1,전통시장,560000,영등포구
828202,72,금남시장,25,무,1개(2kg),1100,15-Oct,1.5kg 국내산,2015-10-29,1,전통시장,200000,성동구
828209,72,금남시장,18,닭고기,1마리,5500,15-Oct,1kg국내산,2015-10-29,1,전통시장,200000,성동구
828210,72,금남시장,17,달걀,10개,1833,15-Oct,30개 5500원,2015-10-29,1,전통시장,200000,성동구
828218,74,이마트 왕십리점,25,무,1개,1180,15-Oct,1.5국내산 제주,2015-10-29,2,대형마트,200000,성동구
828220,74,이마트 왕십리점,23,상추,100g,1480,15-Oct,1봉 예냉적상추 이천,2015-10-29,2,대형마트,200000,성동구
828225,74,이마트 왕십리점,18,닭고기,1마리(1.3.kg이상),6650,15-Oct,국내산 백숙용하림,2015-10-29,2,대형마트,200000,성동구
828268,16,현대백화점 미아점,23,상추,100g,1200,15-Oct,국내 .찹찹이,2015-10-29,2,대형마트,290000,성북구
828274,16,현대백화점 미아점,17,달걀,10개,4500,15-Oct,"국내,풀무원,목초란",2015-10-29,2,대형마트,290000,성북구
828284,14,장위골목시장,23,상추,100g,450,15-Oct,,2015-10-29,1,전통시장,290000,성북구
828299,15,이마트 미아점,23,상추,100g,740,15-Oct,예냉적상추.봉지 200g  2580원              예냉적상추200g1봉지 1980원,2015-10-29,2,대형마트,290000,성북구
828300,15,이마트 미아점,22,오이,1개,390,15-Oct,.,2015-10-29,2,대형마트,290000,성북구
828316,13,돈암제일시장,22,오이,1개,400,15-Oct,,2015-10-29,1,전통시장,290000,성북구
828329,32,영천시장,25,무,1개(1.5kg),1000,15-Oct,제주,2015-10-29,1,전통시장,410000,서대문구
828330,32,영천시장,24,양파,1망(1.3kg),3000,15-Oct,무안. ,2015-10-29,1,전통시장,410000,서대문구
828331,32,영천시장,23,상추,1봉지(100g),500,15-Oct,이천,2015-10-29,1,전통시장,410000,서대문구
828336,32,영천시장,18,닭고기,1마리(1.13kg),6500,15-Oct,하림 신성토종닭(12호),2015-10-29,1,전통시장,410000,서대문구
828345,220,굿모닝마트 유진점,25,무,1개(1.6kg),1490,15-Oct,제주 ,2015-10-29,2,대형마트,410000,서대문구
828346,220,굿모닝마트 유진점,24,양파,1망(2.1kg),3980,15-Oct,무한,2015-10-29,2,대형마트,410000,서대문구
828352,220,굿모닝마트 유진점,18,닭고기,1마리 (1.05kg),8900,15-Oct,올품토종닭.행사가,2015-10-29,2,대형마트,410000,서대문구
828353,220,굿모닝마트 유진점,17,달걀,10개(60g),3990,15-Oct,프라임L 1등급란,2015-10-29,2,대형마트,410000,서대문구
828361,33,현대백화점 신촌점,25,무,1개(1.7kg),1500,15-Oct,제주. 친환경,2015-10-29,2,대형마트,410000,서대문구
828362,33,현대백화점 신촌점,24,양파,1망(1.9kg),3900,15-Oct,무안. 문경미네. ,2015-10-29,2,대형마트,410000,서대문구
828363,33,현대백화점 신촌점,23,상추,1봉지(100g),1800,15-Oct,충주. 친환경,2015-10-29,2,대형마트,410000,서대문구
828364,33,현대백화점 신촌점,22,오이,1개(다다기오이),500,15-Oct,경기 이천 ,2015-10-29,2,대형마트,410000,서대문구
828369,33,현대백화점 신촌점,17,달걀,10개,3200,15-Oct,신선 특란,2015-10-29,2,대형마트,410000,서대문구
828377,31,인왕시장,25,무,1개(1kg),1000,15-Oct,제주 ,2015-10-29,1,전통시장,410000,서대문구
828378,31,인왕시장,24,양파,1망(1.5kg),3000,15-Oct,무안,2015-10-29,1,전통시장,410000,서대문구
828384,31,인왕시장,18,닭고기,1마리(1kg),4500,15-Oct,신선육. 해마루 유통,2015-10-29,1,전통시장,410000,서대문구
828385,31,인왕시장,17,달걀,10개(65g),3000,15-Oct,으뜸 영양란,2015-10-29,1,전통시장,410000,서대문구
828411,10,용문시장,23,상추,100g),1000,15-Oct,,2015-10-29,1,전통시장,170000,용산구
828427,63,농협 하나로마트 용산점,23,상추,100g),1280,15-Oct,뜨라네 프레미엄,2015-10-29,2,대형마트,170000,용산구
828443,6,이마트 용산점,23,상추,1봉지180g,1480,15-Oct,예냉적상추,2015-10-29,2,대형마트,170000,용산구
828458,26,신창시장,24,양파,1망(1.5kg),3300,15-Oct,무안,2015-10-29,1,전통시장,320000,도봉구
828473,28,홈플러스 방학점,25,무,1개(2kg),1200,15-Oct,제주도,2015-10-29,2,대형마트,320000,도봉구
828474,28,홈플러스 방학점,24,양파,1망(1.5kg),3460,15-Oct,무안,2015-10-29,2,대형마트,320000,도봉구
828489,27,이마트 창동점,25,무,1개(2.2kg),1080,15-Oct,제주도,2015-10-29,2,대형마트,320000,도봉구
828490,27,이마트 창동점,24,양파,1망(1.5kg),2490,15-Oct,무안,2015-10-29,2,대형마트,320000,도봉구
828539,56,롯데백화점,23,상추,1봉지(100g),1800,15-Oct,친환경푸룸적상추,2015-10-29,2,대형마트,140000,중구
828571,2,신세계백화점,23,상추,1봉지(100g),1320,15-Oct,국내산프레쉬스타 (적상추150g1980원,2015-10-29,2,대형마트,140000,중구
828587,112,애경백화점,23,상추,1봉지,1890,15-Oct,국내산적상추,2015-10-29,2,대형마트,530000,구로구
828602,110,이마트 신도림점,24,양파,1망,3250,15-Oct,3kg,2015-10-29,2,대형마트,530000,구로구
828603,110,이마트 신도림점,23,상추,1봉지,740,15-Oct,2봉1480원,2015-10-29,2,대형마트,530000,구로구
828604,110,이마트 신도림점,22,오이,1개,390,15-Oct,백오이5개1950원,2015-10-29,2,대형마트,530000,구로구
828651,129,태평백화점,23,상추,100g(적상추),1700,15-Oct,친환경상추100g2500원,2015-10-29,2,대형마트,590000,동작구
828689,130,롯데백화점 영등포점,17,달걀,10개,4200,15-Oct,프레시안순맑은계란10구,2015-10-29,2,대형마트,560000,영등포구
828699,127,남성시장,23,상추,100g(적상추),700,15-Oct,청상추,2015-10-29,1,전통시장,590000,동작구
828715,210,상계중앙시장,23,상추, (100g),500,15-Oct,,2015-10-29,1,전통시장,350000,노원구
828717,210,상계중앙시장,17,달걀,10개,2000,15-Oct,일반,2015-10-29,1,전통시장,350000,노원구
828731,96,공릉동 도깨비시장,23,상추, (100g),500,15-Oct,,2015-10-29,1,전통시장,350000,노원구
828747,98,롯데백화점 노원점,23,상추,(100g),1980,15-Oct,,2015-10-29,2,대형마트,350000,노원구
828763,100,홈플러스 중계점,23,상추, (138g),1750,15-Oct,,2015-10-29,2,대형마트,350000,노원구
828795,78,자양골목시장,22,오이,1개,550,15-Oct,백오이,2015-10-28,1,전통시장,215000,광진구
828904,148,홈플러스 잠실점,25,무,1개(1kg),2500,15-Oct, 2kg,2015-10-29,2,대형마트,710000,송파구
828920,147,롯데백화점 잠실점,25,무,1개(1kg),1750,15-Oct, 2kg 3500원,2015-10-29,2,대형마트,710000,송파구
828935,66,수유재래시장,25,무,1개(1.4kg),1000,15-Oct,제주,2015-10-29,1,전통시장,305000,강북구
828936,66,수유재래시장,24,양파,1망,2000,15-Oct,무안,2015-10-29,1,전통시장,305000,강북구
828947,66,수유재래시장,18,닭고기,1kg,6000,15-Oct,,2015-10-29,1,전통시장,305000,강북구
828974,68,롯데백화점 미아점,18,닭고기,1마리,10100,15-Oct,하림,2015-10-29,2,대형마트,305000,강북구
828983,221,숭인시장,25,무,1개(1.4kg),1000,15-Oct,제주,2015-10-29,1,전통시장,305000,강북구
828984,221,숭인시장,24,양파,1망(1.5kg),2000,15-Oct,무안,2015-10-29,1,전통시장,305000,강북구
828985,221,숭인시장,23,상추,100g,500,15-Oct,1근 2000원,2015-10-29,1,전통시장,305000,강북구
828986,221,숭인시장,22,오이,1개,400,15-Oct,5개 2000원,2015-10-29,1,전통시장,305000,강북구
828994,221,숭인시장,18,닭고기,1마리 ,6000,15-Oct,마니커,2015-10-29,1,전통시장,305000,강북구
829032,42,이마트 가양점,23,상추,100g,790,15-Oct,예냉적상추(한 봉지 1780원),2015-10-29,2,대형마트,500000,강서구
829033,42,이마트 가양점,22,오이,1개,390,15-Oct,강원도5개1950원,2015-10-29,2,대형마트,500000,강서구
829047,40,홈플러스 등촌점,24,양파,1망(1.8kg),3460,15-Oct,무안,2015-10-29,2,대형마트,500000,강서구
829048,40,홈플러스 등촌점,23,상추,1봉지(100g),740,15-Oct,남양주,2015-10-29,2,대형마트,500000,강서구
829062,73,뚝도시장,25,무,2kg,1000,15-Oct,,2015-10-29,1,전통시장,200000,성동구
829065,73,뚝도시장,22,오이,1개,400,15-Oct,5개2000원,2015-10-29,1,전통시장,200000,성동구
829069,73,뚝도시장,18,닭고기,1마리,4500,15-Oct,1kg,2015-10-29,1,전통시장,200000,성동구
829078,75,이마트 성수점,25,무,2kg,1180,15-Oct,,2015-10-29,2,대형마트,200000,성동구
829079,75,이마트 성수점,24,양파,3kg,4980,15-Oct,행사,2015-10-29,2,대형마트,200000,성동구
829081,75,이마트 성수점,22,오이,1개,400,15-Oct,백오이5개2000원,2015-10-29,2,대형마트,200000,성동구
829085,75,이마트 성수점,18,닭고기,1마리,4060,15-Oct,하림1kg행사,2015-10-29,2,대형마트,200000,성동구
829118,122,그랜드마트 신촌점,17,달걀,10개,2480,15-Oct,"국내, (신선 특란)",2015-10-29,2,대형마트,440000,마포구
829160,120,망원시장,23,상추,1봉(200g),1000,15-Oct,이천(적상추)1봉지,2015-10-29,1,전통시장,440000,마포구
829176,215,청담삼익시장,23,상추,100g,990,15-Oct,신선쌈,2015-10-29,1,전통시장,680000,강남구
829181,215,청담삼익시장,18,닭고기,"1마리(1,050g)",6580,15-Oct,하림자연실록,2015-10-29,1,전통시장,680000,강남구
829192,45,롯데백화점 강남점,23,상추,180g,2580,15-Oct,뜨라네적상추,2015-10-29,2,대형마트,680000,강남구
829197,45,롯데백화점 강남점,18,닭고기,"1마리(1,050g)",5980,15-Oct,하림자연실록,2015-10-29,2,대형마트,680000,강남구
829198,45,롯데백화점 강남점,17,달걀,1마리20cm,3700,15-Oct,1등급란,2015-10-29,2,대형마트,680000,강남구
829206,216,도곡시장,25,무,1개,1380,15-Oct,국내산,2015-10-29,1,전통시장,680000,강남구
829207,216,도곡시장,24,양파,1망,3980,15-Oct,신토불이,2015-10-29,1,전통시장,680000,강남구
829223,44,이마트 역삼점,24,양파,1망(1.8kg),3250,15-Oct,국내산,2015-10-29,2,대형마트,680000,강남구
829229,44,이마트 역삼점,18,닭고기,1050g,6860,15-Oct,방목토종씨암탉백숙,2015-10-29,2,대형마트,680000,강남구
829262,135,롯데백화점 관악점,17,달걀,10개,3280,15-Oct,오성신선란10구,2015-10-29,2,대형마트,620000,관악구
829277,134,신원시장(신림1동),18,닭고기,1마리(1kg),7000,15-Oct,하림,2015-10-29,1,전통시장,620000,관악구
829293,133,원당종합시장,17,달걀,10개,2500,15-Oct,영양란10구,2015-10-29,1,전통시장,620000,관악구
829431,86,홈플러스 동대문점,23,상추,1봉지,1480,15-Oct,국내산 청상추,2015-10-29,2,대형마트,230000,동대문구
829437,86,홈플러스 동대문점,17,달걀,10개,4130,15-Oct,풀무원  대 ,2015-10-29,2,대형마트,230000,동대문구
829446,85,경동시장,24,양파,1망(1.7kg),3500,15-Oct,무안,2015-10-29,1,전통시장,230000,동대문구
829453,85,경동시장,17,달걀,10개,1500,15-Oct,국내산 ,2015-10-29,1,전통시장,230000,동대문구
829460,84,청량리종합시장,25,무,1개,1000,15-Oct,국내산,2015-10-29,1,전통시장,230000,동대문구
829461,84,청량리종합시장,24,양파,1kg,3200,15-Oct,국내산,2015-10-29,1,전통시장,230000,동대문구
829462,84,청량리종합시장,23,상추,100g,500,15-Oct,1근2000원,2015-10-29,1,전통시장,230000,동대문구
829468,84,청량리종합시장,17,달걀,10개,1500,15-Oct,국내산,2015-10-29,1,전통시장,230000,동대문구
829477,88,롯데백화점 청량리점,24,양파,한망(5개입),4200,15-Oct,국내산 ,2015-10-29,2,대형마트,230000,동대문구
829478,88,롯데백화점 청량리점,23,상추,1봉지,2000,15-Oct,국산 적상추,2015-10-29,2,대형마트,230000,동대문구
829484,88,롯데백화점 청량리점,17,달걀,10개,4500,15-Oct,목초란 대 ,2015-10-29,2,대형마트,230000,동대문구
829556,51,2001아울렛 불광점,25,무,1개,1790,15-Oct,햇무,2015-10-29,2,대형마트,380000,은평구
829558,51,2001아울렛 불광점,23,상추,100g,1390,15-Oct,여주,2015-10-29,2,대형마트,380000,은평구
829563,51,2001아울렛 불광점,18,닭고기,1마리(1000g),5990,15-Oct,올품,2015-10-29,2,대형마트,380000,은평구
829574,53,이마트 은평점,23,상추,(100g),840,15-Oct,논산양촌,2015-10-29,2,대형마트,380000,은평구
829579,53,이마트 은평점,18,닭고기,1마리(1150g),7800,15-Oct,올품,2015-10-29,2,대형마트,380000,은평구
829589,49,대림시장,24,양파,1망(1.5kg),3000,15-Oct,국산,2015-10-29,1,전통시장,380000,은평구
829605,219,대조시장,24,양파,1망(1.5kg),4000,15-Oct,햇양파,2015-10-29,1,전통시장,380000,은평구
829684,146,방이시장,25,무,1개(1kg),2500,15-Oct, ,2015-10-29,1,전통시장,710000,송파구
829700,145,마천중앙시장,25,무,1개(1kg),2500,15-Oct, ,2015-10-29,1,전통시장,710000,송파구
830865,105,행복한세상 목동점(하나로마트),22,오이,1개,330,15-Oct,"안성(5개1900원)백오이,(취청오이2개980)",2015-10-28,2,대형마트,470000,양천구
830869,105,행복한세상 목동점(하나로마트),18,닭고기,1마리,3800,15-Oct,토종9호,2015-10-28,2,대형마트,470000,양천구
830870,105,행복한세상 목동점(하나로마트),17,달걀,10개,3140,15-Oct,농협안심1듬급륵란,2015-10-28,2,대형마트,470000,양천구
830902,103,신영시장,17,달걀,10개,2700,15-Oct,참생생란,2015-10-28,1,전통시장,470000,양천구
830912,102,목3동시장,22,오이,1개,600,15-Oct,,2015-10-28,1,전통시장,470000,양천구
830917,102,목3동시장,17,달걀,10개,2500,15-Oct,"신선란,특란",2015-10-28,1,전통시장,470000,양천구
813731,108,남구로시장,22,오이,1개,400,15-Sep,국내산,2015-09-21,1,전통시장,530000,구로구
814716,42,이마트 가양점,23,상추,100g,890,15-Sep,예냉적상추(한 봉지 1780원),2015-09-24,2,대형마트,500000,강서구
814717,42,이마트 가양점,22,오이,1개,590,15-Sep,강원도5개2950원,2015-09-24,2,대형마트,500000,강서구
814746,27,이마트 창동점,25,무,1개(2.6kg),800,15-Sep,제주도,2015-09-24,2,대형마트,320000,도봉구
814747,27,이마트 창동점,24,양파,1망(1.5kg),2370,15-Sep,무안,2015-09-24,2,대형마트,320000,도봉구
814797,78,자양골목시장,22,오이,1개,500,15-Sep,백오이,2015-09-23,1,전통시장,215000,광진구
814828,112,애경백화점,23,상추,1봉지,1690,15-Sep,국내산적상추,2015-09-23,2,대형마트,530000,구로구
814843,110,이마트 신도림점,24,양파,1망,4380,15-Sep,1.8kg,2015-09-23,2,대형마트,530000,구로구
814844,110,이마트 신도림점,23,상추,1봉지,1780,15-Sep,국내산(적상추)후레쉬,2015-09-23,2,대형마트,530000,구로구
814845,110,이마트 신도림점,22,오이,1개,780,15-Sep,5개 5개3880원강원도백오이,2015-09-23,2,대형마트,530000,구로구
814858,145,마천중앙시장,25,무,1개(1kg),2500,15-Sep, ,2015-09-24,1,전통시장,710000,송파구
814875,20,영등포전통시장,24,양파,1망,3500,15-Sep,,2015-09-24,1,전통시장,560000,영등포구
814876,20,영등포전통시장,23,상추,1무더기,800,15-Sep,150g,2015-09-24,1,전통시장,560000,영등포구
814891,21,홈플러스 영등포점,24,양파,1000g,3000,15-Sep, 좋은상품,2015-09-24,2,대형마트,560000,영등포구
814892,21,홈플러스 영등포점,23,상추,1봉,1800,15-Sep,,2015-09-24,2,대형마트,560000,영등포구
814898,21,홈플러스 영등포점,17,달걀,10개,2033,15-Sep,30개 6100원,2015-09-24,2,대형마트,560000,영등포구
814908,19,대림중앙시장,23,상추,1봉,700,15-Sep, ,2015-09-24,1,전통시장,560000,영등포구
814913,19,대림중앙시장,18,닭고기,1마리,6000,15-Sep,,2015-09-24,1,전통시장,560000,영등포구
814914,19,대림중앙시장,17,달걀,10개,2100,15-Sep,,2015-09-24,1,전통시장,560000,영등포구
814923,22,이마트 여의도점,23,상추,1봉,1780,15-Sep,예냉상추,2015-09-24,2,대형마트,560000,영등포구
814924,22,이마트 여의도점,25,무,1개 ,1650,15-Sep,햇무 ,2015-09-24,2,대형마트,560000,영등포구
814929,22,이마트 여의도점,18,닭고기,1마리,5800,15-Sep,하림 1kg,2015-09-24,2,대형마트,560000,영등포구
814938,146,방이시장,25,무,1개(1kg),2500,15-Sep, ,2015-09-24,1,전통시장,710000,송파구
815017,31,인왕시장,25,무,1개(1kg),1500,15-Sep,제주 ,2015-09-24,1,전통시장,410000,서대문구
815018,31,인왕시장,24,양파,1망(1.5kg),3000,15-Sep,무안,2015-09-24,1,전통시장,410000,서대문구
815024,31,인왕시장,18,닭고기,1마리(1kg),4000,15-Sep,신선육. 해마루 유통,2015-09-24,1,전통시장,410000,서대문구
815025,31,인왕시장,17,달걀,10개(65g),3000,15-Sep,으뜸 영양란,2015-09-24,1,전통시장,410000,서대문구
815033,33,현대백화점 신촌점,25,무,1개(1.7kg),2000,15-Sep,제주. 친환경,2015-09-24,2,대형마트,410000,서대문구
815034,33,현대백화점 신촌점,24,양파,1망(1.9kg),3500,15-Sep,무안. 문경미네. ,2015-09-24,2,대형마트,410000,서대문구
815035,33,현대백화점 신촌점,23,상추,1봉지(100g),1800,15-Sep,충주. 친환경,2015-09-24,2,대형마트,410000,서대문구
815036,33,현대백화점 신촌점,22,오이,1개(다다기오이),600,15-Sep,경북 구미. 세일,2015-09-24,2,대형마트,410000,서대문구
815041,33,현대백화점 신촌점,17,달걀,10개,3200,15-Sep,신선특란. 경기 이천,2015-09-24,2,대형마트,410000,서대문구
815049,32,영천시장,25,무,1개(1.5kg),1500,15-Sep,제주,2015-09-24,1,전통시장,410000,서대문구
815050,32,영천시장,24,양파,1망(1.3kg),3000,15-Sep,무안. ,2015-09-24,1,전통시장,410000,서대문구
815051,32,영천시장,23,상추,1봉지(100g),600,15-Sep,서청주,2015-09-24,1,전통시장,410000,서대문구
815056,32,영천시장,18,닭고기,1마리(1.13kg),6000,15-Sep,하림 신성토종닭(12호),2015-09-24,1,전통시장,410000,서대문구
815065,220,굿모닝마트 유진점,25,무,1개(1.5kg),1590,15-Sep,제주 ,2015-09-24,2,대형마트,410000,서대문구
815066,220,굿모닝마트 유진점,24,양파,1망(1kg),2990,15-Sep,무한,2015-09-24,2,대형마트,410000,서대문구
815072,220,굿모닝마트 유진점,18,닭고기,1마리 (1.2kg),9900,15-Sep,마니커 토종닭세일,2015-09-24,2,대형마트,410000,서대문구
815073,220,굿모닝마트 유진점,17,달걀,10개(60g),3390,15-Sep,초이스L 무항생제정란,2015-09-24,2,대형마트,410000,서대문구
815128,28,홈플러스 방학점,25,무,1개(2.4kg),1200,15-Sep,제주도,2015-09-24,2,대형마트,320000,도봉구
815129,28,홈플러스 방학점,24,양파,1망(1.5kg),3760,15-Sep,무안,2015-09-24,2,대형마트,320000,도봉구
815145,26,신창시장,24,양파,1망(1.5kg),3300,15-Sep,무안,2015-09-24,1,전통시장,320000,도봉구
815162,140,하나로클럽 양재점,23,상추,100g,990,15-Sep,180g 1780원 뜨라네,2015-09-24,2,대형마트,650000,서초구
815163,140,하나로클럽 양재점,22,오이,1개,620,15-Sep,5입 3080원  백오이,2015-09-24,2,대형마트,650000,서초구
815178,200,뉴코아아울렛 강남점,23,상추,1 봉지( 100g),1490,15-Sep,친환경,2015-09-24,2,대형마트,650000,서초구
815194,14,장위골목시장,23,상추,100g,600,15-Sep,,2015-09-24,1,전통시장,290000,성북구
815211,13,돈암제일시장,22,오이,1개,500,15-Sep,,2015-09-24,1,전통시장,290000,성북구
815226,15,이마트 미아점,23,상추,100g,940,15-Sep,예냉적상추.봉지 200g  2580원              예냉적상추200g1봉지 1980원,2015-09-24,2,대형마트,290000,성북구
815227,15,이마트 미아점,22,오이,1개,760,15-Sep,강원도.,2015-09-24,2,대형마트,290000,성북구
815242,16,현대백화점 미아점,23,상추,100g,1300,15-Sep,국내 .찹찹이,2015-09-24,2,대형마트,290000,성북구
815248,16,현대백화점 미아점,17,달걀,10개,4500,15-Sep,"국내,풀무원,목초란",2015-09-24,2,대형마트,290000,성북구
815264,11,남대문시장,17,달걀,10개,2600,15-Sep,국내 ,2015-09-24,1,전통시장,140000,중구
815280,60,이마트 청계점,17,달걀,10개,2700,15-Sep,국내 ,2015-09-24,2,대형마트,140000,중구
815296,8,롯데마트 서울역점,17,달걀,10개,2700,15-Sep,국내 ,2015-09-24,2,대형마트,140000,중구
815322,2,신세계백화점,23,상추,1봉지(100g),1320,15-Sep,국내산프레쉬스타 (적상추150g1980원,2015-09-24,2,대형마트,140000,중구
815338,56,롯데백화점,23,상추,1봉지(100g),1800,15-Sep,친환경푸룸적상추,2015-09-24,2,대형마트,140000,중구
815376,199,서울중앙시장,17,달걀,10개,2600,15-Sep,국내,2015-09-24,1,전통시장,140000,중구
815380,199,서울중앙시장,13,고등어,1마리,2200,15-Sep,노르웨이,2015-09-24,1,전통시장,140000,중구
815386,6,이마트 용산점,23,상추,1봉지180g,1780,15-Sep,예냉적상추,2015-09-24,2,대형마트,170000,용산구
815418,63,농협 하나로마트 용산점,23,상추,100g),880,15-Sep,뜨라네 프레미엄,2015-09-24,2,대형마트,170000,용산구
815434,10,용문시장,23,상추,100g),1000,15-Sep,,2015-09-24,1,전통시장,170000,용산구
815464,40,홈플러스 등촌점,24,양파,1망(1.8kg),3760,15-Sep,무안,2015-09-24,2,대형마트,500000,강서구
815465,40,홈플러스 등촌점,23,상추,1봉지(100g),900,15-Sep,남양주,2015-09-24,2,대형마트,500000,강서구
815480,218,신세계백화점 강남점,24,양파,"1망 1,2kg",3500,15-Sep,1망( 5입),2015-09-24,2,대형마트,650000,서초구
815481,218,신세계백화점 강남점,23,상추,100g,1800,15-Sep,"적상추(친환경), 전북 완주",2015-09-24,2,대형마트,650000,서초구
815482,218,신세계백화점 강남점,22,오이,1개 ,1800,15-Sep,"1봉 2입 3600원,백오이",2015-09-24,2,대형마트,650000,서초구
815562,102,목3동시장,22,오이,1개,400,15-Sep,5개2000원),2015-09-23,1,전통시장,470000,양천구
815567,102,목3동시장,17,달걀,10개,2500,15-Sep,"신선란,특란",2015-09-23,1,전통시장,470000,양천구
815594,105,행복한세상 목동점(하나로마트),22,오이,1개,870,15-Sep,"안성(3개2600원)백오이,(취청오이2개980)",2015-09-23,2,대형마트,470000,양천구
815598,105,행복한세상 목동점(하나로마트),18,닭고기,1마리,4090,15-Sep,목우촌9호),2015-09-23,2,대형마트,470000,양천구
815599,105,행복한세상 목동점(하나로마트),17,달걀,10개,3140,15-Sep,농협안심1듬급륵란,2015-09-23,2,대형마트,470000,양천구
815615,103,신영시장,17,달걀,10개,2700,15-Sep,참생생란,2015-09-23,1,전통시장,470000,양천구
815623,73,뚝도시장,25,무,2kg,1500,15-Sep,,2015-09-24,1,전통시장,200000,성동구
815626,73,뚝도시장,22,오이,1개,600,15-Sep,5개3000원,2015-09-24,1,전통시장,200000,성동구
815630,73,뚝도시장,18,닭고기,1마리,4500,15-Sep,1kg,2015-09-24,1,전통시장,200000,성동구
815655,74,이마트 왕십리점,25,무,1개,1280,15-Sep,1.5국내산 제주,2015-09-24,2,대형마트,200000,성동구
815657,74,이마트 왕십리점,23,상추,100g,1980,15-Sep,1봉 예냉적상추 이천,2015-09-24,2,대형마트,200000,성동구
815662,74,이마트 왕십리점,18,닭고기,1마리(1.3.kg이상),6980,15-Sep,국내산 백숙용하림,2015-09-24,2,대형마트,200000,성동구
815671,72,금남시장,25,무,1개(2kg),1300,15-Sep,1.5kg 국내산,2015-09-24,1,전통시장,200000,성동구
815678,72,금남시장,18,닭고기,1마리,5500,15-Sep,1kg국내산,2015-09-24,1,전통시장,200000,성동구
815679,72,금남시장,17,달걀,10개,1833,15-Sep,30개 5500원,2015-09-24,1,전통시장,200000,성동구
815687,147,롯데백화점 잠실점,25,무,1개(1kg),1750,15-Sep, 2kg 3500원,2015-09-24,2,대형마트,710000,송파구
815716,148,홈플러스 잠실점,25,무,1개(1kg),1400,15-Sep, 1600g,2015-09-24,2,대형마트,710000,송파구
815750,129,태평백화점,23,상추,100g(적상추),1700,15-Sep,친환경상추100g2500원,2015-09-24,2,대형마트,590000,동작구
815772,122,그랜드마트 신촌점,17,달걀,10개,2480,15-Sep,"국내, (신선 특란)",2015-09-24,2,대형마트,440000,마포구
815788,130,롯데백화점 영등포점,17,달걀,10개,4200,15-Sep,프레시안순맑은계란10구,2015-09-24,2,대형마트,560000,영등포구
815830,127,남성시장,23,상추,100g(적상추),800,15-Sep,청상추,2015-09-24,1,전통시장,590000,동작구
815846,120,망원시장,23,상추,1봉(200g),2000,15-Sep,이천(적상추)1봉지,2015-09-24,1,전통시장,440000,마포구
815860,51,2001아울렛 불광점,25,무,1개,1990,15-Sep,햇무,2015-09-24,2,대형마트,380000,은평구
815862,51,2001아울렛 불광점,23,상추,100g,1690,15-Sep,홍천,2015-09-24,2,대형마트,380000,은평구
815867,51,2001아울렛 불광점,18,닭고기,1마리(1150g),7990,15-Sep,올품,2015-09-24,2,대형마트,380000,은평구
815876,219,대조시장,25,무,1개,1500,15-Sep,햇무,2015-09-24,1,전통시장,380000,은평구
815877,219,대조시장,24,양파,1망(1.5kg),3000,15-Sep,햇양파,2015-09-24,1,전통시장,380000,은평구
815892,49,대림시장,25,무,1개,2000,15-Sep,햇무,2015-09-24,1,전통시장,380000,은평구
815893,49,대림시장,24,양파,1망(1.5kg),3000,15-Sep,"무안,햇",2015-09-24,1,전통시장,380000,은평구
815910,53,이마트 은평점,23,상추,(100g),940,15-Sep,논산양촌,2015-09-24,2,대형마트,380000,은평구
815915,53,이마트 은평점,18,닭고기,1마리(1050g),6980,15-Sep,올품토종,2015-09-24,2,대형마트,380000,은평구
815925,154,홈플러스 강동점,24,양파,1망(1.5kg),3760,15-Sep,무안,2015-09-24,2,대형마트,740000,강동구
815942,151,암사종합시장,23,상추,100g,750,15-Sep,양주,2015-09-24,1,전통시장,740000,강동구
815956,153,이마트 명일점,25,무,1개(1.0kg),1980,15-Sep,고냉지,2015-09-24,2,대형마트,740000,강동구
815958,153,이마트 명일점,23,상추,1봉지(200g),1780,15-Sep,에냉,2015-09-24,2,대형마트,740000,강동구
815959,153,이마트 명일점,22,오이,1개,700,15-Sep,5개3500원강원도,2015-09-24,2,대형마트,740000,강동구
815974,205,둔촌역전통시장,23,상추,200g,1500,15-Sep,양주(200g),2015-09-24,1,전통시장,740000,강동구
815988,66,수유재래시장,25,무,1개(1.4kg),1000,15-Sep,제주,2015-09-24,1,전통시장,305000,강북구
815989,66,수유재래시장,24,양파,1망,2000,15-Sep,무안,2015-09-24,1,전통시장,305000,강북구
816000,66,수유재래시장,18,닭고기,1kg,6000,15-Sep,,2015-09-24,1,전통시장,305000,강북구
816004,221,숭인시장,25,무,1개(1.4kg),1000,15-Sep,제주,2015-09-24,1,전통시장,305000,강북구
816005,221,숭인시장,24,양파,1망(1.5kg),2000,15-Sep,무안,2015-09-24,1,전통시장,305000,강북구
816006,221,숭인시장,23,상추,100g,500,15-Sep,1근 2000원,2015-09-24,1,전통시장,305000,강북구
816007,221,숭인시장,22,오이,1개,400,15-Sep,5개 2000원,2015-09-24,1,전통시장,305000,강북구
816015,221,숭인시장,18,닭고기,1마리 ,6000,15-Sep,마니커,2015-09-24,1,전통시장,305000,강북구
816043,68,롯데백화점 미아점,18,닭고기,1마리,9500,15-Sep,하림,2015-09-24,2,대형마트,305000,강북구
816060,135,롯데백화점 관악점,17,달걀,10개,3280,15-Sep,오성신선란10구,2015-09-24,2,대형마트,620000,관악구
816075,134,신원시장(신림1동),18,닭고기,1마리(1kg),7000,15-Sep,하림,2015-09-24,1,전통시장,620000,관악구
816091,133,원당종합시장,17,달걀,10개,2500,15-Sep,영양란10구,2015-09-24,1,전통시장,620000,관악구
816117,98,롯데백화점 노원점,23,상추,(100g),1980,15-Sep,,2015-09-24,2,대형마트,350000,노원구
816132,96,공릉동 도깨비시장,23,상추, (100g),800,15-Sep,,2015-09-24,1,전통시장,350000,노원구
816148,210,상계중앙시장,23,상추, (100g),700,15-Sep,,2015-09-24,1,전통시장,350000,노원구
816150,210,상계중앙시장,17,달걀,10개,2000,15-Sep,일반,2015-09-24,1,전통시장,350000,노원구
816164,100,홈플러스 중계점,23,상추, (138g),1800,15-Sep,,2015-09-24,2,대형마트,350000,노원구
816180,45,롯데백화점 강남점,23,상추,180g,3580,15-Sep,뜨라네,2015-09-24,2,대형마트,680000,강남구
816185,45,롯데백화점 강남점,18,닭고기,"1마리(1,050g)",13800,15-Sep,하림자연실록,2015-09-24,2,대형마트,680000,강남구
816186,45,롯데백화점 강남점,17,달걀,1마리20cm,3700,15-Sep,1등급란,2015-09-24,2,대형마트,680000,강남구
816194,216,도곡시장,25,무,1개,1180,15-Sep,국내산,2015-09-24,1,전통시장,680000,강남구
816195,216,도곡시장,24,양파,1망,3980,15-Sep,신토불이,2015-09-24,1,전통시장,680000,강남구
816212,215,청담삼익시장,23,상추,100g,1580,15-Sep,신선쌈,2015-09-24,1,전통시장,680000,강남구
816217,215,청담삼익시장,18,닭고기,"1마리(1,050g)",6580,15-Sep,하림자연실록,2015-09-24,1,전통시장,680000,강남구
816227,44,이마트 역삼점,24,양파,1망(1.8kg),4250,15-Sep,국내산,2015-09-24,2,대형마트,680000,강남구
816233,44,이마트 역삼점,18,닭고기,1050g,4886,15-Sep,하림토종닭황기백숙,2015-09-24,2,대형마트,680000,강남구
817057,88,롯데백화점 청량리점,24,양파,한망(5개입),4200,15-Sep,국내산 ,2015-09-28,2,대형마트,230000,동대문구
817058,88,롯데백화점 청량리점,23,상추,1봉지,3280,15-Sep,국산 적상추,2015-09-28,2,대형마트,230000,동대문구
817064,88,롯데백화점 청량리점,17,달걀,10개,4500,15-Sep,목초란 대 ,2015-09-28,2,대형마트,230000,동대문구
817072,84,청량리종합시장,25,무,1개,1500,15-Sep,국내산,2015-09-28,1,전통시장,230000,동대문구
817073,84,청량리종합시장,24,양파,1kg,3000,15-Sep,국내산,2015-09-28,1,전통시장,230000,동대문구
817074,84,청량리종합시장,23,상추,100g,625,15-Sep,1근2500원,2015-09-28,1,전통시장,230000,동대문구
817080,84,청량리종합시장,17,달걀,10개,1800,15-Sep,국내산,2015-09-28,1,전통시장,230000,동대문구
817120,85,경동시장,24,양파,1망(1.7kg),3200,15-Sep,무안,2015-09-28,1,전통시장,230000,동대문구
817127,85,경동시장,17,달걀,10개,1800,15-Sep,국내산 ,2015-09-28,1,전통시장,230000,동대문구
817134,75,이마트 성수점,25,무,2kg,1280,15-Sep,,2015-09-30,2,대형마트,200000,성동구
817135,75,이마트 성수점,24,양파,1.8kg,4480,15-Sep,,2015-09-30,2,대형마트,200000,성동구
817137,75,이마트 성수점,22,오이,1개,600,15-Sep,백오이5개3000원,2015-09-30,2,대형마트,200000,성동구
817141,75,이마트 성수점,18,닭고기,1마리,5800,15-Sep,하림1000g,2015-09-30,2,대형마트,200000,성동구
817146,75,이마트 성수점,13,고등어,1마리,1440,15-Sep,자반고등어.20cm이상2마리2880원,2015-09-30,2,대형마트,200000,성동구
819369,86,홈플러스 동대문점,23,상추,1봉지,2400,15-Sep,국내산 청상추,2015-09-28,2,대형마트,230000,동대문구
819375,86,홈플러스 동대문점,17,달걀,10개,4130,15-Sep,풀무원  대 ,2015-09-28,2,대형마트,230000,동대문구
